-- phpMyAdmin SQL Dump
-- version 5.2.1
-- https://www.phpmyadmin.net/
--
-- Host: amber.explodingcoder.local:3306
-- Generation Time: Dec 07, 2023 at 02:47 AM
-- Server version: 5.7.43
-- PHP Version: 8.2.11

SET SQL_MODE = "NO_AUTO_VALUE_ON_ZERO";
START TRANSACTION;
SET time_zone = "+00:00";


/*!40101 SET @OLD_CHARACTER_SET_CLIENT=@@CHARACTER_SET_CLIENT */;
/*!40101 SET @OLD_CHARACTER_SET_RESULTS=@@CHARACTER_SET_RESULTS */;
/*!40101 SET @OLD_COLLATION_CONNECTION=@@COLLATION_CONNECTION */;
/*!40101 SET NAMES utf8mb4 */;

--
-- Database: `voter_reg`
--

--
-- Dumping data for table `county`
--

INSERT INTO `county` (`id`, `name`) VALUES
(1, 'Allegany'),
(2, 'Anne Arundel'),
(4, 'Baltimore'),
(3, 'Baltimore City'),
(5, 'Calvert'),
(6, 'Caroline'),
(7, 'Carroll'),
(8, 'Cecil'),
(9, 'Charles'),
(10, 'Dorchester'),
(11, 'Frederick'),
(12, 'Garrett'),
(13, 'Harford'),
(14, 'Howard'),
(15, 'Kent'),
(16, 'Montgomery'),
(17, 'Prince George\'s'),
(18, 'Queen Anne\'s'),
(19, 'Saint Mary\'s'),
(20, 'Somerset'),
(21, 'Talbot'),
(22, 'Washington'),
(23, 'Wicomico'),
(24, 'Worcester');

--
-- Dumping data for table `county_race`
--

INSERT INTO `county_race` (`county_id`, `race_id`, `raw_column`) VALUES
(15, 1, 'governor'),
(15, 2, 'attorney_general'),
(15, 3, 'comptroller'),
(15, 4, 'us_senator'),
(15, 5, 'representative_congress_1'),
(15, 6, 'state_senator_36'),
(15, 8, 'county_commissioner_1'),
(15, 8, 'county_commissioner_2'),
(15, 8, 'county_commissioner_3'),
(15, 9, 'judge_court_special_appeals_at_large_1'),
(15, 63, 'judge_court_special_appeals_at_large_2'),
(15, 10, 'states_attorney'),
(15, 11, 'clerk_of_circuit_court'),
(15, 12, 'register_of_wills'),
(15, 13, 'judge_orphans_court_1'),
(15, 13, 'judge_orphans_court_2'),
(15, 13, 'judge_orphans_court_3'),
(15, 14, 'sheriff'),
(15, 15, 'board_of_education_1'),
(15, 15, 'board_of_education_2'),
(15, 15, 'board_of_education_3'),
(15, 16, 'q1'),
(15, 17, 'q2'),
(15, 18, 'q3'),
(15, 19, 'q4'),
(15, 20, 'q5'),
(2, 1, 'governor'),
(2, 3, 'comptroller'),
(2, 2, 'attorney_general'),
(2, 4, 'us_senator'),
(2, 30, 'representative_congress_5'),
(2, 31, 'state_senator_12'),
(2, 32, 'state_senator_21'),
(2, 33, 'state_senator_30'),
(2, 34, 'state_senator_31'),
(2, 35, 'state_senator_32'),
(2, 36, 'state_senator_33'),
(2, 37, 'house_of_delegates_12b'),
(2, 29, 'representative_congress_3'),
(2, 38, 'house_of_delegates_21_1'),
(2, 38, 'house_of_delegates_21_2'),
(2, 38, 'house_of_delegates_21_3'),
(2, 39, 'house_of_delegates_30a_1'),
(2, 39, 'house_of_delegates_30a_2'),
(2, 40, 'house_of_delegates_30b'),
(2, 41, 'house_of_delegates_31_1'),
(2, 41, 'house_of_delegates_31_2'),
(2, 41, 'house_of_delegates_31_3'),
(2, 42, 'house_of_delegates_32_1'),
(2, 42, 'house_of_delegates_32_2'),
(2, 42, 'house_of_delegates_32_3'),
(2, 43, 'house_of_delegates_33a'),
(2, 44, 'house_of_delegates_33b'),
(2, 45, 'house_of_delegates_33c'),
(2, 46, 'county_executive'),
(2, 47, 'county_council_1'),
(2, 48, 'county_council_2'),
(2, 49, 'county_council_3'),
(2, 50, 'county_council_4'),
(2, 51, 'county_council_5'),
(2, 52, 'county_council_6'),
(2, 53, 'county_council_7'),
(2, 26, 'judge_circuit_court'),
(2, 9, 'judge_court_special_appeals_at_large_1'),
(2, 63, 'judge_court_special_appeals_at_large_2'),
(2, 54, 'judge_court_of_special_appeals_appellate_court'),
(2, 10, 'states_attorney'),
(2, 11, 'clerk_of_circuit_court'),
(2, 12, 'register_of_wills'),
(2, 13, 'judge_orphans_court_1'),
(2, 13, 'judge_orphans_court_2'),
(2, 13, 'judge_orphans_court_3'),
(2, 14, 'sheriff'),
(2, 16, 'q1'),
(2, 17, 'q2'),
(2, 18, 'q3'),
(2, 19, 'q4'),
(2, 20, 'q5'),
(2, 55, 'qa'),
(2, 56, 'qb'),
(2, 57, 'qc'),
(2, 58, 'qd'),
(2, 59, 'qe'),
(2, 60, 'qf'),
(2, 61, 'qg'),
(2, 62, 'qh'),
(3, 1, 'governor'),
(3, 3, 'comptroller'),
(3, 2, 'attorney_general'),
(3, 4, 'us_senator'),
(3, 67, 'representative_congress_2'),
(3, 68, 'representative_congress_7'),
(3, 69, 'state_senator_40'),
(3, 70, 'state_senator_41'),
(3, 71, 'state_senator_43'),
(3, 72, 'state_senator_45'),
(3, 73, 'state_senator_46'),
(3, 74, 'house_of_delegates_40_1'),
(3, 74, 'house_of_delegates_40_2'),
(3, 74, 'house_of_delegates_40_3'),
(3, 75, 'house_of_delegates_41_1'),
(3, 75, 'house_of_delegates_41_2'),
(3, 75, 'house_of_delegates_41_3'),
(3, 76, 'house_of_delegates_43a_1'),
(3, 76, 'house_of_delegates_43a_2'),
(3, 77, 'house_of_delegates_45_1'),
(3, 77, 'house_of_delegates_45_2'),
(3, 77, 'house_of_delegates_45_3'),
(3, 78, 'house_of_delegates_46_1'),
(3, 78, 'house_of_delegates_46_2'),
(3, 78, 'house_of_delegates_46_3'),
(3, 26, 'judge_circuit_court_1'),
(3, 26, 'judge_circuit_court_2'),
(3, 26, 'judge_circuit_court_3'),
(3, 26, 'judge_circuit_court_4'),
(3, 9, 'judge_court_special_appeals_at_large_1'),
(3, 63, 'judge_court_special_appeals_at_large_2'),
(3, 10, 'states_attorney'),
(3, 11, 'clerk_of_circuit_court'),
(3, 12, 'register_of_wills'),
(3, 13, 'judge_orphans_court_1'),
(3, 13, 'judge_orphans_court_2'),
(3, 13, 'judge_orphans_court_3'),
(3, 14, 'sheriff'),
(3, 79, 'board_of_education_at_large_1'),
(3, 79, 'board_of_education_at_large_2'),
(3, 16, 'q1'),
(3, 17, 'q2'),
(3, 18, 'q3'),
(3, 19, 'q4'),
(3, 20, 'q5'),
(3, 55, 'qa'),
(3, 56, 'qb'),
(3, 57, 'qc'),
(3, 58, 'qd'),
(3, 59, 'qe'),
(3, 60, 'qf'),
(3, 61, 'qg'),
(3, 62, 'qh'),
(3, 64, 'qi'),
(3, 65, 'qj'),
(3, 66, 'qk'),
(16, 1, 'governor'),
(16, 3, 'comptroller'),
(16, 2, 'attorney_general'),
(16, 4, 'us_senator'),
(16, 80, 'representative_congress_4'),
(16, 21, 'representative_congress_6'),
(16, 81, 'representative_congress_8'),
(16, 82, 'state_senator_9'),
(16, 83, 'state_senator_14'),
(16, 84, 'state_senator_15'),
(16, 85, 'state_senator_16'),
(16, 86, 'state_senator_17'),
(16, 87, 'state_senator_18'),
(16, 88, 'state_senator_19'),
(16, 89, 'state_senator_20'),
(16, 90, 'state_senator_39'),
(16, 91, 'house_of_delegates_9a_1'),
(16, 92, 'house_of_delegates_14_1'),
(16, 93, 'house_of_delegates_15_1'),
(16, 94, 'house_of_delegates_16_1'),
(16, 95, 'house_of_delegates_17_1'),
(16, 96, 'house_of_delegates_18_1'),
(16, 97, 'house_of_delegates_19_1'),
(16, 98, 'house_of_delegates_20_1'),
(16, 99, 'house_of_delegates_39_1'),
(16, 46, 'county_executive'),
(16, 100, 'county_council_at_large_1'),
(16, 100, 'county_council_at_large_2'),
(16, 100, 'county_council_at_large_3'),
(16, 100, 'county_council_at_large_4'),
(16, 47, 'county_council_1'),
(16, 48, 'county_council_2'),
(16, 49, 'county_council_3'),
(16, 50, 'county_council_4'),
(16, 51, 'county_council_5'),
(16, 52, 'county_council_6'),
(16, 53, 'county_council_7'),
(16, 26, 'judge_circuit_court_1'),
(16, 26, 'judge_circuit_court_2'),
(16, 26, 'judge_circuit_court_3'),
(16, 26, 'judge_circuit_court_4'),
(16, 101, 'judge_court_of_appeals'),
(16, 9, 'judge_court_special_appeals_at_large_1'),
(16, 63, 'judge_court_special_appeals_at_large_2'),
(16, 54, 'judge_court_special_appeals_appellate_circuit'),
(16, 10, 'states_attorney'),
(16, 11, 'clerk_of_circuit_court'),
(16, 12, 'register_of_wills'),
(16, 14, 'sheriff'),
(16, 79, 'board_of_education_at_large'),
(16, 15, 'board_of_education_1'),
(16, 15, 'board_of_education_2'),
(16, 15, 'board_of_education_3'),
(16, 16, 'q1'),
(16, 17, 'q2'),
(16, 18, 'q3'),
(16, 19, 'q4'),
(16, 20, 'q5'),
(16, 55, 'qa'),
(16, 56, 'qb'),
(16, 91, 'house_of_delegates_9a_2'),
(16, 92, 'house_of_delegates_14_2'),
(16, 92, 'house_of_delegates_14_3'),
(16, 93, 'house_of_delegates_15_2'),
(16, 93, 'house_of_delegates_15_3'),
(16, 94, 'house_of_delegates_16_2'),
(16, 94, 'house_of_delegates_16_3'),
(16, 95, 'house_of_delegates_17_2'),
(16, 95, 'house_of_delegates_17_3'),
(16, 96, 'house_of_delegates_18_2'),
(16, 96, 'house_of_delegates_18_3'),
(16, 97, 'house_of_delegates_19_2'),
(16, 97, 'house_of_delegates_19_3'),
(16, 98, 'house_of_delegates_20_2'),
(16, 98, 'house_of_delegates_20_3'),
(16, 99, 'house_of_delegates_39_2'),
(16, 99, 'house_of_delegates_39_3'),
(4, 1, 'governor'),
(4, 3, 'comptroller'),
(4, 2, 'attorney_general'),
(4, 4, 'us_senator'),
(4, 5, 'representative_congress_1'),
(4, 67, 'representative_congress_2'),
(4, 68, 'representative_congress_7'),
(4, 102, 'state_senator_6'),
(4, 103, 'state_senator_7'),
(4, 104, 'state_senator_8'),
(4, 105, 'state_senator_10'),
(4, 106, 'state_senator_11'),
(4, 107, 'state_senator_42'),
(4, 71, 'state_senator_43'),
(4, 111, 'state_senator_44'),
(4, 112, 'house_of_delegates_6_1'),
(4, 113, 'house_of_delegates_7a_1'),
(4, 114, 'house_of_delegates_8_1'),
(4, 115, 'house_of_delegates_10_1'),
(4, 116, 'house_of_delegates_11a'),
(4, 117, 'house_of_delegates_11b_1'),
(4, 117, 'house_of_delegates_11b_2'),
(4, 112, 'house_of_delegates_6_2'),
(4, 112, 'house_of_delegates_6_3'),
(4, 113, 'house_of_delegates_7a_2'),
(4, 114, 'house_of_delegates_8_2'),
(4, 114, 'house_of_delegates_8_3'),
(4, 115, 'house_of_delegates_10_2'),
(4, 115, 'house_of_delegates_10_3'),
(4, 118, 'house_of_delegates_42a'),
(4, 120, 'house_of_delegates_43b'),
(4, 121, 'house_of_delegates_44a'),
(4, 119, 'house_of_delegates_42b'),
(4, 122, 'house_of_delegates_44b'),
(4, 46, 'county_executive'),
(4, 47, 'county_council_1'),
(4, 48, 'county_council_2'),
(4, 49, 'county_council_3'),
(4, 50, 'county_council_4'),
(4, 51, 'county_council_5'),
(4, 52, 'county_council_6'),
(4, 53, 'county_council_7'),
(4, 26, 'judge_circuit_court_1'),
(4, 26, 'judge_circuit_court_2'),
(4, 26, 'judge_circuit_court_3'),
(4, 26, 'judge_circuit_court_4'),
(4, 26, 'judge_circuit_court_5'),
(4, 9, 'judge_court_special_appeals_at_large_1'),
(4, 63, 'judge_court_special_appeals_at_large_2'),
(4, 10, 'states_attorney'),
(4, 11, 'clerk_of_circuit_court'),
(4, 12, 'register_of_wills'),
(4, 13, 'judge_orphans_court_1'),
(4, 13, 'judge_orphans_court_2'),
(4, 13, 'judge_orphans_court_3'),
(4, 14, 'sheriff'),
(4, 15, 'board_of_education_1'),
(4, 15, 'board_of_education_2'),
(4, 15, 'board_of_education_3'),
(4, 15, 'board_of_education_4'),
(4, 15, 'board_of_education_5'),
(4, 15, 'board_of_education_6'),
(4, 15, 'board_of_education_7'),
(4, 16, 'q1'),
(4, 17, 'q2'),
(4, 18, 'q3'),
(4, 19, 'q4'),
(4, 20, 'q5'),
(4, 55, 'qa'),
(4, 56, 'qb'),
(4, 57, 'qc'),
(4, 58, 'qd'),
(4, 59, 'qe'),
(4, 60, 'qf'),
(4, 61, 'qg'),
(4, 62, 'qh'),
(4, 64, 'qi'),
(4, 65, 'qj'),
(4, 66, 'qk'),
(5, 1, 'governor'),
(5, 3, 'comptroller'),
(5, 2, 'attorney_general'),
(5, 4, 'us_senator'),
(5, 30, 'representative_congress_5'),
(5, 123, 'state_senator_27'),
(5, 124, 'state_senator_29'),
(5, 125, 'house_of_delegates_27b'),
(5, 126, 'house_of_delegates_27c'),
(5, 127, 'house_of_delegates_29c'),
(5, 128, 'county_commissioner_at_large_1'),
(5, 128, 'county_commissioner_at_large_2'),
(5, 129, 'county_commissioner_1'),
(5, 130, 'county_commissioner_2'),
(5, 131, 'county_commissioner_3'),
(5, 9, 'judge_court_special_appeals_at_large_1'),
(5, 63, 'judge_court_special_appeals_at_large_2'),
(5, 132, 'judge_court_special_appeals'),
(5, 133, 'treasurer'),
(5, 10, 'states_attorney'),
(5, 11, 'clerk_of_circuit_court'),
(5, 12, 'register_of_wills'),
(5, 13, 'judge_orphans_court_1'),
(5, 13, 'judge_orphans_court_2'),
(5, 13, 'judge_orphans_court_3'),
(5, 14, 'sheriff'),
(5, 79, 'board_of_education_at_large_1'),
(5, 79, 'board_of_education_at_large_2'),
(5, 16, 'q1'),
(5, 17, 'q2'),
(5, 18, 'q3'),
(5, 19, 'q4'),
(5, 20, 'q5'),
(6, 1, 'governor'),
(6, 3, 'comptroller'),
(6, 2, 'attorney_general'),
(6, 4, 'us_senator'),
(6, 5, 'representative_congress_1'),
(6, 6, 'state_senator_36'),
(6, 135, 'state_senator_37'),
(6, 136, 'house_of_delegates_36_1'),
(6, 137, 'house_of_delegates_36_2'),
(6, 138, 'house_of_delegates_36_3'),
(6, 134, 'house_of_delegates_37b_1'),
(6, 134, 'house_of_delegates_37b_2'),
(6, 8, 'county_commissioner_1'),
(6, 8, 'county_commissioner_2'),
(6, 8, 'county_commissioner_3'),
(6, 26, 'judge_circuit_court'),
(6, 9, 'judge_court_special_appeals_at_large_1'),
(6, 63, 'judge_court_special_appeals_at_large_2'),
(6, 10, 'states_attorney'),
(6, 11, 'clerk_of_circuit_court'),
(6, 12, 'register_of_wills'),
(6, 13, 'judge_orphans_court_1'),
(6, 13, 'judge_orphans_court_2'),
(6, 13, 'judge_orphans_court_3'),
(6, 14, 'sheriff'),
(6, 15, 'board_of_education'),
(6, 16, 'q1'),
(6, 17, 'q2'),
(6, 18, 'q3'),
(6, 19, 'q4'),
(6, 20, 'q5'),
(7, 1, 'governor'),
(7, 3, 'comptroller'),
(7, 2, 'attorney_general'),
(7, 4, 'us_senator'),
(7, 67, 'representative_congress_2'),
(7, 29, 'representative_congress_3'),
(7, 139, 'state_senator_5'),
(7, 107, 'state_senator_42'),
(7, 140, 'house_of_delegates_5_1'),
(7, 140, 'house_of_delegates_5_2'),
(7, 140, 'house_of_delegates_5_3'),
(7, 141, 'house_of_delegates_42c'),
(7, 129, 'county_commissioner_1'),
(7, 130, 'county_commissioner_2'),
(7, 131, 'county_commissioner_3'),
(7, 142, 'county_commissioner_4'),
(7, 143, 'county_commissioner_5'),
(7, 26, 'judge_circuit_court'),
(7, 9, 'judge_court_special_appeals_at_large_1'),
(7, 63, 'judge_court_special_appeals_at_large_2'),
(7, 10, 'states_attorney'),
(7, 11, 'clerk_of_circuit_court'),
(7, 12, 'register_of_wills'),
(7, 13, 'judge_orphans_court_1'),
(7, 13, 'judge_orphans_court_2'),
(7, 13, 'judge_orphans_court_3'),
(7, 14, 'sheriff'),
(7, 15, 'board_of_education_1'),
(7, 15, 'board_of_education_2'),
(7, 15, 'board_of_education_3'),
(7, 16, 'q1'),
(7, 17, 'q2'),
(7, 18, 'q3'),
(7, 19, 'q4'),
(7, 20, 'q5'),
(8, 1, 'governor'),
(8, 3, 'comptroller'),
(8, 2, 'attorney_general'),
(8, 4, 'us_senator'),
(8, 5, 'representative_congress_1'),
(8, 144, 'state_senator_35'),
(8, 6, 'state_senator_36'),
(8, 145, 'house_of_delegates_35a_1'),
(8, 145, 'house_of_delegates_35a_2'),
(8, 146, 'house_of_delegates_35b'),
(8, 136, 'house_of_delegates_36_1'),
(8, 137, 'house_of_delegates_36_2'),
(8, 138, 'house_of_delegates_36_3'),
(8, 47, 'county_council_1'),
(8, 48, 'county_council_2'),
(8, 49, 'county_council_3'),
(8, 9, 'judge_court_special_appeals_at_large_1'),
(8, 63, 'judge_court_special_appeals_at_large_2'),
(8, 10, 'states_attorney'),
(8, 11, 'clerk_of_circuit_court'),
(8, 12, 'register_of_wills'),
(8, 13, 'judge_orphans_court_1'),
(8, 13, 'judge_orphans_court_2'),
(8, 13, 'judge_orphans_court_3'),
(8, 14, 'sheriff'),
(8, 15, 'board_of_education_1'),
(8, 15, 'board_of_education_2'),
(8, 15, 'board_of_education_3'),
(8, 16, 'q1'),
(8, 17, 'q2'),
(8, 18, 'q3'),
(8, 19, 'q4'),
(8, 20, 'q5'),
(8, 55, 'qa'),
(8, 56, 'qb'),
(8, 57, 'qc'),
(8, 58, 'qd'),
(8, 59, 'qe'),
(10, 1, 'governor'),
(10, 3, 'comptroller'),
(10, 2, 'attorney_general'),
(10, 4, 'us_senator'),
(10, 5, 'representative_congress_1'),
(10, 135, 'state_senator_37'),
(10, 155, 'house_of_delegates_37a'),
(10, 134, 'house_of_delegates_37b_1'),
(10, 134, 'house_of_delegates_37b_2'),
(10, 47, 'county_council_1'),
(10, 48, 'county_council_2'),
(10, 49, 'county_council_3'),
(10, 50, 'county_council_4'),
(10, 51, 'county_council_5'),
(10, 26, 'judge_circuit_court'),
(10, 9, 'judge_court_special_appeals_at_large_1'),
(10, 63, 'judge_court_special_appeals_at_large_2'),
(10, 10, 'states_attorney'),
(10, 11, 'clerk_of_circuit_court'),
(10, 12, 'register_of_wills'),
(10, 156, 'judge_orphans_court_1'),
(10, 157, 'judge_orphans_court_2_1'),
(10, 157, 'judge_orphans_court_2_2'),
(10, 14, 'sheriff'),
(10, 151, 'board_of_education_1'),
(10, 152, 'board_of_education_2'),
(10, 16, 'q1'),
(10, 17, 'q2'),
(10, 18, 'q3'),
(10, 19, 'q4'),
(10, 20, 'q5'),
(11, 1, 'governor'),
(11, 3, 'comptroller'),
(11, 2, 'attorney_general'),
(11, 4, 'us_senator'),
(11, 21, 'representative_congress_6'),
(11, 21, 'representative_congress_6'),
(11, 160, 'state_senator_2'),
(11, 158, 'state_senator_3'),
(11, 159, 'state_senator_4'),
(11, 139, 'state_senator_5'),
(11, 165, 'house_of_delegates_2a_1'),
(11, 165, 'house_of_delegates_2a_2'),
(11, 166, 'house_of_delegates_3_1'),
(11, 166, 'house_of_delegates_3_2'),
(11, 166, 'house_of_delegates_3_3'),
(11, 167, 'house_of_delegates_4_1'),
(11, 167, 'house_of_delegates_4_2'),
(11, 167, 'house_of_delegates_4_3'),
(11, 140, 'house_of_delegates_5_1'),
(11, 140, 'house_of_delegates_5_2'),
(11, 140, 'house_of_delegates_5_3'),
(11, 46, 'county_executive'),
(11, 100, 'county_council_at_large_1'),
(11, 100, 'county_council_at_large_2'),
(11, 47, 'county_council_1'),
(11, 48, 'county_council_2'),
(11, 49, 'county_council_3'),
(11, 50, 'county_council_4'),
(11, 51, 'county_council_5'),
(11, 26, 'judge_circuit_court'),
(11, 9, 'judge_court_special_appeals_at_large_1'),
(11, 63, 'judge_court_special_appeals_at_large_2'),
(11, 10, 'states_attorney'),
(11, 11, 'clerk_of_circuit_court'),
(11, 12, 'register_of_wills'),
(11, 13, 'judge_orphans_court_1'),
(11, 13, 'judge_orphans_court_2'),
(11, 13, 'judge_orphans_court_3'),
(11, 14, 'sheriff'),
(11, 15, 'board_of_education_1'),
(11, 15, 'board_of_education_2'),
(11, 15, 'board_of_education_3'),
(11, 15, 'board_of_education_4'),
(11, 16, 'q1'),
(11, 17, 'q2'),
(11, 18, 'q3'),
(11, 19, 'q4'),
(11, 20, 'q5'),
(9, 1, 'governor'),
(9, 3, 'comptroller'),
(9, 2, 'attorney_general'),
(9, 4, 'us_senator'),
(9, 30, 'representative_congress_5'),
(9, 123, 'state_senator_27'),
(9, 147, 'state_senator_28'),
(9, 148, 'house_of_delegates_27a'),
(9, 149, 'house_of_delegates_28_1'),
(9, 149, 'house_of_delegates_28_2'),
(9, 149, 'house_of_delegates_28_3'),
(9, 150, 'county_commissioner_president'),
(9, 129, 'county_commissioner_1'),
(9, 130, 'county_commissioner_2'),
(9, 131, 'county_commissioner_3'),
(9, 142, 'county_commissioner_4'),
(9, 26, 'judge_circuit_court'),
(9, 9, 'judge_court_special_appeals_at_large_1'),
(9, 63, 'judge_court_special_appeals_at_large_2'),
(9, 10, 'states_attorney'),
(9, 11, 'clerk_of_circuit_court'),
(9, 12, 'register_of_wills'),
(9, 13, 'judge_orphans_court_1'),
(9, 13, 'judge_orphans_court_2'),
(9, 13, 'judge_orphans_court_3'),
(9, 79, 'board_of_education_at_large'),
(9, 14, 'sheriff'),
(9, 151, 'board_of_education_1_1'),
(9, 151, 'board_of_education_1_2'),
(9, 152, 'board_of_education_2_1'),
(9, 152, 'board_of_education_2_2'),
(9, 153, 'board_of_education_3_1'),
(9, 153, 'board_of_education_3_2'),
(9, 154, 'board_of_education_4_1'),
(9, 154, 'board_of_education_4_2'),
(9, 16, 'q1'),
(9, 17, 'q2'),
(9, 18, 'q3'),
(9, 19, 'q4'),
(9, 20, 'q5'),
(12, 1, 'governor'),
(12, 3, 'comptroller'),
(12, 2, 'attorney_general'),
(12, 4, 'us_senator'),
(12, 21, 'representative_congress_6'),
(12, 22, 'state_senator_1'),
(12, 23, 'house_of_delegates_1a'),
(12, 129, 'county_commissioner_1'),
(12, 130, 'county_commissioner_2'),
(12, 131, 'county_commissioner_3'),
(12, 9, 'judge_court_special_appeals_at_large_1'),
(12, 63, 'judge_court_special_appeals_at_large_2'),
(12, 10, 'states_attorney'),
(12, 11, 'clerk_of_circuit_court'),
(12, 12, 'register_of_wills'),
(12, 13, 'judge_orphans_court_1'),
(12, 13, 'judge_orphans_court_2'),
(12, 13, 'judge_orphans_court_3'),
(12, 14, 'sheriff'),
(12, 151, 'board_of_education_1'),
(12, 152, 'board_of_education_2'),
(12, 153, 'board_of_education_3'),
(12, 16, 'q1'),
(12, 17, 'q2'),
(12, 18, 'q3'),
(12, 19, 'q4'),
(12, 20, 'q5'),
(13, 1, 'governor'),
(13, 3, 'comptroller'),
(13, 2, 'attorney_general'),
(13, 4, 'us_senator'),
(13, 5, 'representative_congress_1'),
(13, 103, 'state_senator_7'),
(13, 169, 'state_senator_34'),
(13, 144, 'state_senator_35'),
(13, 170, 'house_of_delegates_7b'),
(13, 171, 'house_of_delegates_34a_1'),
(13, 171, 'house_of_delegates_34a_2'),
(13, 172, 'house_of_delegates_34b'),
(13, 145, 'house_of_delegates_35a_1'),
(13, 145, 'house_of_delegates_35a_2'),
(13, 46, 'county_executive'),
(13, 173, 'president_county_council'),
(13, 47, 'county_council_1'),
(13, 48, 'county_council_2'),
(13, 49, 'county_council_3'),
(13, 50, 'county_council_4'),
(13, 51, 'county_council_5'),
(13, 52, 'county_council_6'),
(13, 9, 'judge_court_special_appeals_at_large_1'),
(13, 63, 'judge_court_special_appeals_at_large_2'),
(13, 10, 'states_attorney'),
(13, 11, 'clerk_of_circuit_court'),
(13, 12, 'register_of_wills'),
(13, 14, 'sheriff'),
(13, 151, 'board_of_education_1'),
(13, 152, 'board_of_education_2'),
(13, 153, 'board_of_education_3'),
(13, 154, 'board_of_education_4'),
(13, 174, 'board_of_education_5'),
(13, 175, 'board_of_education_6'),
(13, 16, 'q1'),
(13, 17, 'q2'),
(13, 18, 'q3'),
(13, 19, 'q4'),
(13, 20, 'q5'),
(13, 55, 'qa'),
(13, 56, 'qb'),
(14, 1, 'governor'),
(14, 3, 'comptroller'),
(14, 2, 'attorney_general'),
(14, 4, 'us_senator'),
(14, 29, 'representative_congress_3'),
(14, 82, 'state_senator_9'),
(14, 31, 'state_senator_12'),
(14, 179, 'state_senator_13'),
(14, 91, 'house_of_delegates_9a_1'),
(14, 91, 'house_of_delegates_9a_2'),
(14, 178, 'house_of_delegates_9b'),
(14, 176, 'house_of_delegates_12a_1'),
(14, 176, 'house_of_delegates_12a_2'),
(14, 177, 'house_of_delegates_13_1'),
(14, 177, 'house_of_delegates_13_2'),
(14, 177, 'house_of_delegates_13_3'),
(14, 46, 'county_executive'),
(14, 47, 'county_council_1'),
(14, 48, 'county_council_2'),
(14, 49, 'county_council_3'),
(14, 50, 'county_council_4'),
(14, 51, 'county_council_5'),
(14, 26, 'judge_circuit_court'),
(14, 9, 'judge_court_special_appeals_at_large_1'),
(14, 63, 'judge_court_special_appeals_at_large_2'),
(14, 10, 'states_attorney'),
(14, 11, 'clerk_of_circuit_court'),
(14, 12, 'register_of_wills'),
(14, 13, 'judge_orphans_court_1'),
(14, 13, 'judge_orphans_court_2'),
(14, 13, 'judge_orphans_court_3'),
(14, 14, 'sheriff'),
(14, 15, 'board_of_education_1'),
(14, 15, 'board_of_education_2'),
(14, 16, 'q1'),
(14, 17, 'q2'),
(14, 18, 'q3'),
(14, 19, 'q4'),
(14, 20, 'q5'),
(14, 55, 'qa'),
(17, 1, 'governor'),
(17, 3, 'comptroller'),
(17, 2, 'attorney_general'),
(17, 4, 'us_senator'),
(17, 80, 'representative_congress_4'),
(17, 30, 'representative_congress_5'),
(17, 81, 'representative_congress_8'),
(17, 32, 'state_senator_21'),
(17, 187, 'state_senator_22'),
(17, 188, 'state_senator_23'),
(17, 189, 'state_senator_24'),
(17, 190, 'state_senator_25'),
(17, 191, 'state_senator_26'),
(17, 123, 'state_senator_27'),
(17, 192, 'state_senator_47'),
(17, 38, 'house_of_delegates_21_1'),
(17, 38, 'house_of_delegates_21_2'),
(17, 38, 'house_of_delegates_2_3'),
(17, 194, 'house_of_delegates_22_1'),
(17, 194, 'house_of_delegates_22_2'),
(17, 194, 'house_of_delegates_22_3'),
(17, 195, 'house_of_delegates_23_1'),
(17, 195, 'house_of_delegates_23_2'),
(17, 195, 'house_of_delegates_23_3'),
(17, 196, 'house_of_delegates_24_1'),
(17, 196, 'house_of_delegates_24_2'),
(17, 196, 'house_of_delegates_24_3'),
(17, 197, 'house_of_delegates_25_1'),
(17, 197, 'house_of_delegates_25_2'),
(17, 197, 'house_of_delegates_25_3'),
(17, 198, 'house_of_delegates_26_1'),
(17, 198, 'house_of_delegates_26_2'),
(17, 198, 'house_of_delegates_26_3'),
(17, 148, 'house_of_delegates_27a'),
(17, 125, 'house_of_delegates_27b'),
(17, 199, 'house_of_delegates_47a_1'),
(17, 199, 'house_of_delegates_47a_2'),
(17, 200, 'house_of_delegates_47b'),
(17, 46, 'county_executive'),
(17, 100, 'county_council_at_large_1'),
(17, 100, 'county_council_at_large_2'),
(17, 47, 'county_council_1'),
(17, 48, 'county_council_2'),
(17, 49, 'county_council_3'),
(17, 50, 'county_council_4'),
(17, 51, 'county_council_5'),
(17, 52, 'county_council_6'),
(17, 53, 'county_council_7'),
(17, 212, 'county_council_8'),
(17, 213, 'county_council_9'),
(17, 26, 'judge_circuit_court'),
(17, 9, 'judge_court_special_appeals_at_large_1'),
(17, 63, 'judge_court_special_appeals_at_large_2'),
(17, 10, 'states_attorney'),
(17, 11, 'clerk_of_circuit_court'),
(17, 12, 'register_of_wills'),
(17, 13, 'judge_orphans_court_1'),
(17, 13, 'judge_orphans_court_2'),
(17, 13, 'judge_orphans_court_3'),
(17, 14, 'sheriff'),
(17, 151, 'board_of_education_1'),
(17, 152, 'board_of_education_2'),
(17, 153, 'board_of_education_3'),
(17, 154, 'board_of_education_4'),
(17, 16, 'q1'),
(17, 17, 'q2'),
(17, 18, 'q3'),
(17, 19, 'q4'),
(17, 20, 'q5'),
(17, 55, 'qa'),
(17, 56, 'qb'),
(17, 57, 'qc'),
(17, 58, 'qd'),
(17, 59, 'qe'),
(17, 60, 'qf'),
(17, 61, 'qg'),
(17, 62, 'qh'),
(17, 64, 'qi'),
(17, 65, 'qj'),
(18, 1, 'governor'),
(18, 3, 'comptroller'),
(18, 2, 'attorney_general'),
(18, 4, 'us_senator'),
(18, 5, 'representative_congress_1'),
(18, 6, 'state_senator_36'),
(18, 136, 'house_of_delegates_36_1'),
(18, 137, 'house_of_delegates_36_2'),
(18, 138, 'house_of_delegates_36_3'),
(18, 128, 'county_commissioner_at_large'),
(18, 129, 'county_commissioner_1'),
(18, 130, 'county_commissioner_2'),
(18, 131, 'county_commissioner_3'),
(18, 142, 'county_commissioner_4'),
(18, 9, 'judge_court_special_appeals_at_large_1'),
(18, 63, 'judge_court_special_appeals_at_large_2'),
(18, 10, 'states_attorney'),
(18, 11, 'clerk_of_circuit_court'),
(18, 12, 'register_of_wills'),
(18, 13, 'judge_orphans_court_1'),
(18, 13, 'judge_orphans_court_2'),
(18, 13, 'judge_orphans_court_3'),
(18, 14, 'sheriff'),
(18, 79, 'board_of_education_at_large'),
(18, 15, 'board_of_education'),
(18, 16, 'q1'),
(18, 17, 'q2'),
(18, 18, 'q3'),
(18, 19, 'q4'),
(18, 20, 'q5'),
(19, 1, 'governor'),
(19, 3, 'comptroller'),
(19, 2, 'attorney_general'),
(19, 4, 'us_senator'),
(19, 30, 'representative_congress_5'),
(19, 124, 'state_senator_29'),
(19, 214, 'house_of_delegates_29a'),
(19, 215, 'house_of_delegates_29b'),
(19, 127, 'house_of_delegates_29c'),
(19, 150, 'county_commissioner_president'),
(19, 129, 'county_commissioner_1'),
(19, 130, 'county_commissioner_2'),
(19, 131, 'county_commissioner_3'),
(19, 142, 'county_commissioner_4'),
(19, 26, 'judge_circuit_court'),
(19, 9, 'judge_court_special_appeals_at_large_1'),
(19, 63, 'judge_court_special_appeals_at_large_2'),
(19, 132, 'judge_court_special_appeals'),
(19, 133, 'treasurer'),
(19, 10, 'states_attorney'),
(19, 11, 'clerk_of_circuit_court'),
(19, 12, 'register_of_wills'),
(19, 13, 'judge_orphans_court_1'),
(19, 13, 'judge_orphans_court_2'),
(19, 13, 'judge_orphans_court_3'),
(19, 14, 'sheriff'),
(19, 151, 'board_of_education_1'),
(19, 152, 'board_of_education_2'),
(19, 16, 'q1'),
(19, 17, 'q2'),
(19, 18, 'q3'),
(19, 19, 'q4'),
(19, 20, 'q5'),
(15, 136, 'house_of_delegates_36_1'),
(15, 137, 'house_of_delegates_36_2'),
(15, 138, 'house_of_delegates_36_3'),
(20, 1, 'governor'),
(20, 3, 'comptroller'),
(20, 2, 'attorney_general'),
(20, 4, 'us_senator'),
(20, 5, 'representative_congress_1'),
(20, 216, 'state_senator_38'),
(20, 217, 'house_of_delegates_38a'),
(20, 129, 'county_commissioner_1'),
(20, 130, 'county_commissioner_2'),
(20, 131, 'county_commissioner_3'),
(20, 142, 'county_commissioner_4'),
(20, 143, 'county_commissioner_5'),
(20, 9, 'judge_court_special_appeals_at_large_1'),
(20, 63, 'judge_court_special_appeals_at_large_2'),
(20, 10, 'states_attorney'),
(20, 11, 'clerk_of_circuit_court'),
(20, 12, 'register_of_wills'),
(20, 13, 'judge_orphans_court_1'),
(20, 13, 'judge_orphans_court_2'),
(20, 13, 'judge_orphans_court_3'),
(20, 14, 'sheriff'),
(20, 151, 'board_of_education_1'),
(20, 152, 'board_of_education_2'),
(20, 153, 'board_of_education_3'),
(20, 16, 'q1'),
(20, 17, 'q2'),
(20, 18, 'q3'),
(20, 19, 'q4'),
(20, 20, 'q5'),
(21, 1, 'governor'),
(21, 3, 'comptroller'),
(21, 2, 'attorney_general'),
(21, 4, 'us_senator'),
(21, 5, 'representative_congress_1'),
(21, 135, 'state_senator_37'),
(21, 134, 'house_of_delegates_37b_1'),
(21, 134, 'house_of_delegates_37b_2'),
(21, 218, 'county_council_1'),
(21, 218, 'county_council_2'),
(21, 218, 'county_council_3'),
(21, 218, 'county_council_4'),
(21, 218, 'county_council_5'),
(21, 9, 'judge_court_special_appeals_at_large_1'),
(21, 63, 'judge_court_special_appeals_at_large_2'),
(21, 10, 'states_attorney'),
(21, 11, 'clerk_of_circuit_court'),
(21, 12, 'register_of_wills'),
(21, 13, 'judge_orphans_court_1'),
(21, 13, 'judge_orphans_court_2'),
(21, 13, 'judge_orphans_court_3'),
(21, 14, 'sheriff'),
(21, 151, 'board_of_education_1'),
(21, 152, 'board_of_education_2'),
(21, 153, 'board_of_education_3'),
(21, 154, 'board_of_education_4'),
(21, 16, 'q1'),
(21, 17, 'q2'),
(21, 18, 'q3'),
(21, 19, 'q4'),
(21, 20, 'q5'),
(21, 55, 'qa'),
(21, 56, 'qb'),
(22, 1, 'governor'),
(22, 3, 'comptroller'),
(22, 2, 'attorney_general'),
(22, 4, 'us_senator'),
(22, 21, 'representative_congress_6'),
(22, 22, 'state_senator_1'),
(22, 160, 'state_senator_2'),
(22, 25, 'house_of_delegates_1c'),
(22, 165, 'house_of_delegates_2a_1'),
(22, 165, 'house_of_delegates_2a_2'),
(22, 219, 'house_of_delegates_2b'),
(22, 8, 'county_commissioner_1'),
(22, 8, 'county_commissioner_2'),
(22, 8, 'county_commissioner_3'),
(22, 8, 'county_commissioner_4'),
(22, 8, 'county_commissioner_5'),
(22, 26, 'judge_circuit_court'),
(22, 9, 'judge_court_special_appeals_at_large_1'),
(22, 63, 'judge_court_special_appeals_at_large_2'),
(22, 133, 'treasurer'),
(22, 10, 'states_attorney'),
(22, 11, 'clerk_of_circuit_court'),
(22, 12, 'register_of_wills'),
(22, 13, 'judge_orphans_court_1'),
(22, 13, 'judge_orphans_court_2'),
(22, 13, 'judge_orphans_court_3'),
(22, 14, 'sheriff'),
(22, 15, 'board_of_education_1'),
(22, 13, 'board_of_education_2'),
(22, 13, 'board_of_education_3'),
(22, 16, 'q1'),
(22, 17, 'q2'),
(22, 18, 'q3'),
(22, 19, 'q4'),
(22, 20, 'q5'),
(23, 1, 'governor'),
(23, 3, 'comptroller'),
(23, 2, 'attorney_general'),
(23, 4, 'us_senator'),
(23, 5, 'representative_congress_1'),
(23, 135, 'state_senator_37'),
(23, 216, 'state_senator_38'),
(23, 155, 'house_of_delegates_37a'),
(23, 134, 'house_of_delegates_37b_1'),
(23, 134, 'house_of_delegates_37b_2'),
(23, 217, 'house_of_delegates_38a'),
(23, 220, 'house_of_delegates_38b'),
(23, 221, 'house_of_delegates_38c'),
(23, 46, 'county_executive'),
(23, 100, 'county_council_at_large_1'),
(23, 100, 'county_council_at_large_2'),
(23, 47, 'county_council_1'),
(23, 48, 'county_council_2'),
(23, 49, 'county_council_3'),
(23, 50, 'county_council_4'),
(23, 51, 'county_council_5'),
(23, 26, 'judge_circuit_court'),
(23, 9, 'judge_court_special_appeals_at_large_1'),
(23, 63, 'judge_court_special_appeals_at_large_2'),
(23, 10, 'states_attorney'),
(23, 11, 'clerk_of_circuit_court'),
(23, 12, 'register_of_wills'),
(23, 13, 'judge_orphans_court_1'),
(23, 13, 'judge_orphans_court_2'),
(23, 13, 'judge_orphans_court_3'),
(23, 14, 'sheriff'),
(23, 79, 'board_of_education_at_large_1'),
(23, 79, 'board_of_education_at_large_2'),
(23, 151, 'board_of_education_1'),
(23, 152, 'board_of_education_2'),
(23, 153, 'board_of_education_3'),
(23, 154, 'board_of_education_4'),
(23, 174, 'board_of_education_5'),
(23, 16, 'q1'),
(23, 17, 'q2'),
(23, 18, 'q3'),
(23, 19, 'q4'),
(23, 20, 'q5'),
(23, 55, 'qa'),
(23, 56, 'qb'),
(23, 57, 'qc'),
(23, 58, 'qd'),
(23, 60, 'qf'),
(23, 61, 'qg'),
(23, 62, 'qh'),
(23, 64, 'qi'),
(23, 65, 'qj'),
(24, 1, 'governor'),
(24, 3, 'comptroller'),
(24, 2, 'attorney_general'),
(24, 4, 'us_senator'),
(24, 5, 'representative_congress_1'),
(24, 216, 'state_senator_38'),
(24, 217, 'house_of_delegates_38a'),
(24, 221, 'house_of_delegates_38c'),
(24, 129, 'county_commissioner_1'),
(24, 130, 'county_commissioner_2'),
(24, 131, 'county_commissioner_3'),
(24, 142, 'county_commissioner_4'),
(24, 143, 'county_commissioner_5'),
(24, 222, 'county_commissioner_6'),
(24, 223, 'county_commissioner_7'),
(24, 9, 'judge_court_special_appeals_at_large_1'),
(24, 63, 'judge_court_special_appeals_at_large_2'),
(24, 10, 'states_attorney'),
(24, 11, 'clerk_of_circuit_court'),
(24, 12, 'register_of_wills'),
(24, 13, 'judge_orphans_court_1'),
(24, 13, 'judge_orphans_court_2'),
(24, 13, 'judge_orphans_court_3'),
(24, 14, 'sheriff'),
(24, 151, 'board_of_education_1'),
(24, 152, 'board_of_education_2'),
(24, 153, 'board_of_education_3'),
(24, 154, 'board_of_education_4'),
(24, 16, 'q1'),
(24, 17, 'q2'),
(24, 18, 'q3'),
(24, 19, 'q4'),
(24, 20, 'q5'),
(24, 55, 'qa'),
(23, 59, 'qe'),
(1, 1, 'governor'),
(1, 3, 'comptroller'),
(1, 2, 'attorney_general'),
(1, 4, 'us_senator'),
(1, 21, 'representative_congress_6'),
(1, 22, 'state_senator_1'),
(1, 23, 'house_of_delegates_1a'),
(1, 24, 'house_of_delegates_1b'),
(1, 25, 'house_of_delegates_1c'),
(1, 8, 'county_commissioner_1'),
(1, 8, 'county_commissioner_2'),
(1, 8, 'county_commissioner_3'),
(1, 26, 'judge_circuit_court'),
(1, 9, 'judge_court_special_appeals_at_large_1'),
(1, 63, 'judge_court_special_appeals_at_large_2'),
(1, 10, 'states_attorney'),
(1, 11, 'clerk_of_circuit_court'),
(1, 12, 'register_of_wills'),
(1, 13, 'judge_orphans_court_1'),
(1, 13, 'judge_orphans_court_2'),
(1, 13, 'judge_orphans_court_3'),
(1, 27, 'mayor_city_of_cumberland'),
(1, 28, 'council_city_of_cumberland_1'),
(1, 28, 'council_city_of_cumberland_2'),
(1, 16, 'q1'),
(1, 17, 'q2'),
(1, 18, 'q3'),
(1, 19, 'q4'),
(1, 20, 'q5');

--
-- Dumping data for table `county_summary`
--

INSERT INTO `county_summary` (`date`, `county`, `party`, `count`, `new`, `removed`) VALUES
('2016-01-01', 'All', 'Democrat', 2042296, 9581, 10342),
('2016-01-01', 'All', 'Green', 8324, 59, 48),
('2016-01-01', 'All', 'Libertarian', 16866, 182, 88),
('2016-01-01', 'All', 'Other', 31668, 122, 149),
('2016-01-01', 'All', 'Republican', 974602, 4647, 4291),
('2016-01-01', 'All', 'Unaffiliated', 694913, 4989, 2979),
('2016-02-01', 'All', 'Democrat', 2057102, 16083, 6957),
('2016-02-01', 'All', 'Green', 8192, 75, 45),
('2016-02-01', 'All', 'Libertarian', 16835, 231, 102),
('2016-02-01', 'All', 'Other', 31523, 201, 100),
('2016-02-01', 'All', 'Republican', 981791, 6122, 2874),
('2016-02-01', 'All', 'Unaffiliated', 694660, 6410, 2560),
('2016-03-01', 'All', 'Democrat', 2088191, 22765, 9991),
('2016-03-01', 'All', 'Green', 7572, 109, 63),
('2016-03-01', 'All', 'Libertarian', 16313, 288, 126),
('2016-03-01', 'All', 'Other', 31016, 251, 172),
('2016-03-01', 'All', 'Republican', 997211, 8956, 3973),
('2016-03-01', 'All', 'Unaffiliated', 675436, 8128, 3392),
('2016-04-01', 'All', 'Democrat', 2102808, 17125, 9910),
('2016-04-01', 'All', 'Green', 7584, 48, 43),
('2016-04-01', 'All', 'Libertarian', 16412, 144, 66),
('2016-04-01', 'All', 'Other', 31085, 128, 128),
('2016-04-01', 'All', 'Republican', 1000915, 5593, 3767),
('2016-04-01', 'All', 'Unaffiliated', 677594, 3617, 2425),
('2016-05-01', 'All', 'Democrat', 2108964, 3539, 4799),
('2016-05-01', 'All', 'Green', 7251, 8, 14),
('2016-05-01', 'All', 'Libertarian', 16325, 36, 36),
('2016-05-01', 'All', 'Other', 30808, 29, 83),
('2016-05-01', 'All', 'Republican', 1004083, 1328, 1582),
('2016-05-01', 'All', 'Unaffiliated', 672701, 888, 1181),
('2016-06-01', 'All', 'Democrat', 2120139, 28288, 25445),
('2016-06-01', 'All', 'Green', 7595, 151, 122),
('2016-06-01', 'All', 'Libertarian', 16621, 461, 312),
('2016-06-01', 'All', 'Other', 30304, 329, 332),
('2016-06-01', 'All', 'Republican', 1009895, 12459, 13278),
('2016-06-01', 'All', 'Unaffiliated', 667403, 13608, 9606),
('2016-07-01', 'All', 'Democrat', 2122139, 17386, 17413),
('2016-07-01', 'All', 'Green', 8050, 117, 112),
('2016-07-01', 'All', 'Libertarian', 17108, 371, 219),
('2016-07-01', 'All', 'Other', 30341, 218, 234),
('2016-07-01', 'All', 'Republican', 1010172, 7092, 8147),
('2016-07-01', 'All', 'Unaffiliated', 669999, 8558, 7016),
('2016-08-01', 'All', 'Democrat', 2126456, 18795, 17315),
('2016-08-01', 'All', 'Green', 8321, 130, 98),
('2016-08-01', 'All', 'Libertarian', 17648, 420, 230),
('2016-08-01', 'All', 'Other', 30463, 250, 252),
('2016-08-01', 'All', 'Republican', 1009767, 7122, 8186),
('2016-08-01', 'All', 'Unaffiliated', 673456, 8942, 7160),
('2016-09-01', 'All', 'Democrat', 2140253, 22105, 11145),
('2016-09-01', 'All', 'Green', 8614, 167, 47),
('2016-09-01', 'All', 'Libertarian', 18448, 460, 124),
('2016-09-01', 'All', 'Other', 31074, 363, 155),
('2016-09-01', 'All', 'Republican', 1015030, 8441, 4517),
('2016-09-01', 'All', 'Unaffiliated', 678907, 10168, 3398),
('2016-10-01', 'All', 'Democrat', 2170800, 39020, 14660),
('2016-10-01', 'All', 'Green', 9009, 286, 53),
('2016-10-01', 'All', 'Libertarian', 19343, 636, 129),
('2016-10-01', 'All', 'Other', 32641, 644, 206),
('2016-10-01', 'All', 'Republican', 1026633, 13951, 4751),
('2016-10-01', 'All', 'Unaffiliated', 688286, 16395, 4789),
('2016-11-01', 'All', 'Democrat', 2179948, 14198, 7611),
('2016-11-01', 'All', 'Green', 9049, 57, 29),
('2016-11-01', 'All', 'Libertarian', 19466, 183, 85),
('2016-11-01', 'All', 'Other', 32805, 242, 106),
('2016-11-01', 'All', 'Republican', 1029921, 4788, 2194),
('2016-11-01', 'All', 'Unaffiliated', 691464, 4629, 2101),
('2016-12-01', 'All', 'Democrat', 2181763, 12427, 17471),
('2016-12-01', 'All', 'Green', 9263, 114, 108),
('2016-12-01', 'All', 'Libertarian', 19904, 332, 239),
('2016-12-01', 'All', 'Other', 32743, 172, 288),
('2016-12-01', 'All', 'Republican', 1033181, 6556, 7334),
('2016-12-01', 'All', 'Unaffiliated', 693791, 6835, 6041),
('2017-01-01', 'All', 'Democrat', 2184281, 13650, 11451),
('2017-01-01', 'All', 'Green', 9343, 109, 73),
('2017-01-01', 'All', 'Libertarian', 20171, 285, 173),
('2017-01-01', 'All', 'Other', 32710, 166, 187),
('2017-01-01', 'All', 'Republican', 1034253, 5905, 5488),
('2017-01-01', 'All', 'Unaffiliated', 696879, 6919, 5022),
('2017-02-01', 'All', 'Democrat', 2177566, 8920, 15072),
('2017-02-01', 'All', 'Green', 9359, 70, 100),
('2017-02-01', 'All', 'Libertarian', 20232, 198, 228),
('2017-02-01', 'All', 'Other', 32522, 118, 234),
('2017-02-01', 'All', 'Republican', 1029896, 3536, 8149),
('2017-02-01', 'All', 'Unaffiliated', 695443, 4327, 6679),
('2017-03-01', 'All', 'Democrat', 2162858, 10742, 25222),
('2017-03-01', 'All', 'Green', 9302, 82, 164),
('2017-03-01', 'All', 'Libertarian', 20162, 203, 376),
('2017-03-01', 'All', 'Other', 32255, 155, 367),
('2017-03-01', 'All', 'Republican', 1022919, 4830, 12175),
('2017-03-01', 'All', 'Unaffiliated', 690360, 5519, 11638),
('2017-04-01', 'All', 'Democrat', 2161345, 8404, 10220),
('2017-04-01', 'All', 'Green', 9328, 72, 60),
('2017-04-01', 'All', 'Libertarian', 20302, 190, 136),
('2017-04-01', 'All', 'Other', 32157, 124, 156),
('2017-04-01', 'All', 'Republican', 1022100, 3336, 4680),
('2017-04-01', 'All', 'Unaffiliated', 692038, 4519, 3867),
('2017-05-01', 'All', 'Democrat', 2155003, 7483, 13656),
('2017-05-01', 'All', 'Green', 9313, 64, 95),
('2017-05-01', 'All', 'Libertarian', 20377, 148, 127),
('2017-05-01', 'All', 'Other', 31975, 90, 192),
('2017-05-01', 'All', 'Republican', 1020438, 3018, 4560),
('2017-05-01', 'All', 'Unaffiliated', 691583, 3846, 4942),
('2017-06-01', 'All', 'Democrat', 2150688, 10896, 14025),
('2017-06-01', 'All', 'Green', 9338, 88, 81),
('2017-06-01', 'All', 'Libertarian', 20450, 227, 203),
('2017-06-01', 'All', 'Other', 31879, 145, 210),
('2017-06-01', 'All', 'Republican', 1017773, 4777, 6618),
('2017-06-01', 'All', 'Unaffiliated', 692136, 5405, 5344),
('2017-07-01', 'All', 'Democrat', 2143217, 8221, 12012),
('2017-07-01', 'All', 'Green', 9309, 66, 71),
('2017-07-01', 'All', 'Libertarian', 20446, 190, 225),
('2017-07-01', 'All', 'Other', 31750, 99, 177),
('2017-07-01', 'All', 'Republican', 1014840, 3153, 6303),
('2017-07-01', 'All', 'Unaffiliated', 691360, 4658, 5427),
('2017-08-01', 'All', 'Democrat', 2138160, 10711, 22918),
('2017-08-01', 'All', 'Green', 9277, 63, 137),
('2017-08-01', 'All', 'Libertarian', 20478, 218, 320),
('2017-08-01', 'All', 'Other', 31675, 145, 342),
('2017-08-01', 'All', 'Republican', 1011490, 3965, 8633),
('2017-08-01', 'All', 'Unaffiliated', 691979, 5867, 8056),
('2017-09-01', 'All', 'Democrat', 2142135, 8282, 4721),
('2017-09-01', 'All', 'Green', 9321, 59, 26),
('2017-09-01', 'All', 'Libertarian', 20680, 167, 37),
('2017-09-01', 'All', 'Other', 31814, 157, 63),
('2017-09-01', 'All', 'Republican', 1012730, 2989, 1893),
('2017-09-01', 'All', 'Unaffiliated', 695937, 4279, 1268),
('2017-10-01', 'All', 'Democrat', 2144822, 7370, 4772),
('2017-10-01', 'All', 'Green', 9360, 57, 23),
('2017-10-01', 'All', 'Libertarian', 20834, 166, 47),
('2017-10-01', 'All', 'Other', 31891, 145, 74),
('2017-10-01', 'All', 'Republican', 1013949, 2947, 1949),
('2017-10-01', 'All', 'Unaffiliated', 699607, 4219, 1317),
('2017-11-01', 'All', 'Democrat', 2136774, 6024, 15082),
('2017-11-01', 'All', 'Green', 9329, 45, 89),
('2017-11-01', 'All', 'Libertarian', 20811, 136, 234),
('2017-11-01', 'All', 'Other', 31827, 85, 208),
('2017-11-01', 'All', 'Republican', 1009780, 2717, 7230),
('2017-11-01', 'All', 'Unaffiliated', 697981, 3401, 5806),
('2017-12-01', 'All', 'Democrat', 2134839, 8244, 10943),
('2017-12-01', 'All', 'Green', 9338, 60, 55),
('2017-12-01', 'All', 'Libertarian', 20894, 169, 159),
('2017-12-01', 'All', 'Other', 31842, 127, 150),
('2017-12-01', 'All', 'Republican', 1007391, 2665, 4756),
('2017-12-01', 'All', 'Unaffiliated', 699295, 4352, 3866),
('2018-01-01', 'All', 'Democrat', 2133813, 7228, 10516),
('2018-01-01', 'All', 'Green', 9304, 49, 76),
('2018-01-01', 'All', 'Libertarian', 20965, 149, 149),
('2018-01-01', 'All', 'Other', 31844, 126, 161),
('2018-01-01', 'All', 'Republican', 1006151, 2892, 4748),
('2018-01-01', 'All', 'Unaffiliated', 700699, 3862, 3575),
('2018-02-01', 'All', 'Democrat', 2134776, 6865, 6782),
('2018-02-01', 'All', 'Green', 9332, 56, 31),
('2018-02-01', 'All', 'Libertarian', 21040, 134, 80),
('2018-02-01', 'All', 'Other', 31887, 97, 92),
('2018-02-01', 'All', 'Republican', 1006242, 2524, 2713),
('2018-02-01', 'All', 'Unaffiliated', 702391, 3582, 2111),
('2018-03-01', 'All', 'Democrat', 2136893, 8031, 8033),
('2018-03-01', 'All', 'Green', 9332, 51, 39),
('2018-03-01', 'All', 'Libertarian', 21152, 154, 89),
('2018-03-01', 'All', 'Other', 31874, 119, 121),
('2018-03-01', 'All', 'Republican', 1006027, 2785, 3498),
('2018-03-01', 'All', 'Unaffiliated', 704106, 3977, 2749),
('2018-04-01', 'All', 'Democrat', 2141975, 8823, 4859),
('2018-04-01', 'All', 'Green', 9350, 55, 12),
('2018-04-01', 'All', 'Libertarian', 21273, 172, 48),
('2018-04-01', 'All', 'Other', 31914, 117, 78),
('2018-04-01', 'All', 'Republican', 1007402, 2987, 2026),
('2018-04-01', 'All', 'Unaffiliated', 707201, 4473, 1307),
('2018-05-01', 'All', 'Democrat', 2149873, 10663, 5206),
('2018-05-01', 'All', 'Green', 9276, 70, 38),
('2018-05-01', 'All', 'Libertarian', 21409, 197, 60),
('2018-05-01', 'All', 'Other', 31996, 152, 69),
('2018-05-01', 'All', 'Republican', 1009765, 3581, 1947),
('2018-05-01', 'All', 'Unaffiliated', 709411, 5018, 1203),
('2018-06-01', 'All', 'Democrat', 2155862, 8670, 5513),
('2018-06-01', 'All', 'Green', 9217, 51, 23),
('2018-06-01', 'All', 'Libertarian', 21403, 94, 41),
('2018-06-01', 'All', 'Other', 32006, 98, 61),
('2018-06-01', 'All', 'Republican', 1010660, 2113, 1843),
('2018-06-01', 'All', 'Unaffiliated', 708606, 2433, 1047),
('2018-07-01', 'All', 'Democrat', 2160753, 16182, 11861),
('2018-07-01', 'All', 'Green', 9107, 91, 77),
('2018-07-01', 'All', 'Libertarian', 21404, 367, 177),
('2018-07-01', 'All', 'Other', 31793, 199, 123),
('2018-07-01', 'All', 'Republican', 1010982, 6145, 5354),
('2018-07-01', 'All', 'Unaffiliated', 707341, 8438, 4246),
('2018-08-01', 'All', 'Democrat', 2169094, 20163, 16763),
('2018-08-01', 'All', 'Green', 9147, 134, 82),
('2018-08-01', 'All', 'Libertarian', 21607, 372, 268),
('2018-08-01', 'All', 'Other', 31814, 164, 209),
('2018-08-01', 'All', 'Republican', 1012256, 7297, 7647),
('2018-08-01', 'All', 'Unaffiliated', 711398, 9936, 6341),
('2018-09-01', 'All', 'Democrat', 2179296, 21040, 14541),
('2018-09-01', 'All', 'Green', 9185, 134, 81),
('2018-09-01', 'All', 'Libertarian', 21882, 424, 201),
('2018-09-01', 'All', 'Other', 32121, 214, 140),
('2018-09-01', 'All', 'Republican', 1015657, 7352, 5726),
('2018-09-01', 'All', 'Unaffiliated', 717268, 10505, 5148),
('2018-10-01', 'All', 'Democrat', 2197363, 25346, 11553),
('2018-10-01', 'All', 'Green', 9276, 146, 56),
('2018-10-01', 'All', 'Libertarian', 22190, 408, 162),
('2018-10-01', 'All', 'Other', 33151, 354, 172),
('2018-10-01', 'All', 'Republican', 1020611, 7255, 3887),
('2018-10-01', 'All', 'Unaffiliated', 723527, 11154, 3654),
('2018-11-01', 'All', 'Democrat', 2204933, 13037, 10696),
('2018-11-01', 'All', 'Green', 9287, 73, 59),
('2018-11-01', 'All', 'Libertarian', 22338, 212, 146),
('2018-11-01', 'All', 'Other', 33184, 154, 151),
('2018-11-01', 'All', 'Republican', 1023148, 4155, 3711),
('2018-11-01', 'All', 'Unaffiliated', 726001, 4863, 3171),
('2018-12-01', 'All', 'Democrat', 2207785, 13941, 11034),
('2018-12-01', 'All', 'Green', 9285, 98, 70),
('2018-12-01', 'All', 'Libertarian', 22464, 299, 191),
('2018-12-01', 'All', 'Other', 33144, 200, 148),
('2018-12-01', 'All', 'Republican', 1023652, 5533, 5537),
('2018-12-01', 'All', 'Unaffiliated', 731776, 8403, 4137),
('2019-01-01', 'All', 'Bread and Roses', 1, 0, 0),
('2019-01-01', 'All', 'Democrat', 2205322, 11658, 13178),
('2019-01-01', 'All', 'Green', 9262, 68, 80),
('2019-01-01', 'All', 'Libertarian', 22483, 223, 231),
('2019-01-01', 'All', 'Other', 33059, 155, 197),
('2019-01-01', 'All', 'Republican', 1021490, 4565, 6807),
('2019-01-01', 'All', 'Unaffiliated', 735844, 7229, 5434),
('2019-02-01', 'All', 'Bread and Roses', 6, 2, 0),
('2019-02-01', 'All', 'Democrat', 2200979, 7698, 11612),
('2019-02-01', 'All', 'Other', 64552, 225, 410),
('2019-02-01', 'All', 'Republican', 1018904, 2878, 5879),
('2019-02-01', 'All', 'Unaffiliated', 736167, 4423, 5148),
('2019-03-01', 'All', 'Bread and Roses', 56, 4, 0),
('2019-03-01', 'All', 'Democrat', 2191544, 10237, 5988),
('2019-03-01', 'All', 'Other', 63206, 366, 147),
('2019-03-01', 'All', 'Republican', 1014494, 3712, 2435),
('2019-03-01', 'All', 'Unaffiliated', 734491, 5379, 1961),
('2019-04-01', 'All', 'Bread and Roses', 122, 21, 0),
('2019-04-01', 'All', 'Democrat', 2193948, 10076, 8783),
('2019-04-01', 'All', 'Other', 62164, 307, 390),
('2019-04-01', 'All', 'Republican', 1015522, 3805, 3416),
('2019-04-01', 'All', 'Unaffiliated', 738300, 5648, 3269),
('2019-05-01', 'All', 'Bread and Roses', 188, 33, 1),
('2019-05-01', 'All', 'Democrat', 2189809, 9105, 13812),
('2019-05-01', 'All', 'Other', 61575, 255, 501),
('2019-05-01', 'All', 'Republican', 1013482, 3462, 5960),
('2019-05-01', 'All', 'Unaffiliated', 738889, 5057, 5269),
('2019-06-01', 'All', 'Bread and Roses', 229, 19, 0),
('2019-06-01', 'All', 'Democrat', 2194878, 9886, 6056),
('2019-06-01', 'All', 'Other', 61396, 269, 223),
('2019-06-01', 'All', 'Republican', 1014933, 3603, 2543),
('2019-06-01', 'All', 'Unaffiliated', 743567, 5652, 1960),
('2019-07-01', 'All', 'Bread and Roses', 262, 17, 0),
('2019-07-01', 'All', 'Democrat', 2200438, 10420, 5891),
('2019-07-01', 'All', 'Other', 61146, 218, 173),
('2019-07-01', 'All', 'Republican', 1016478, 4034, 2638),
('2019-07-01', 'All', 'Unaffiliated', 748503, 6198, 1918),
('2019-08-01', 'All', 'Bread and Roses', 301, 22, 2),
('2019-08-01', 'All', 'Democrat', 2196761, 12759, 18091),
('2019-08-01', 'All', 'Other', 60612, 324, 669),
('2019-08-01', 'All', 'Republican', 1012069, 4395, 8854),
('2019-08-01', 'All', 'Unaffiliated', 748825, 7247, 7845),
('2019-09-01', 'All', 'Bread and Roses', 355, 31, 1),
('2019-09-01', 'All', 'Democrat', 2203148, 11338, 6691),
('2019-09-01', 'All', 'Other', 60579, 338, 242),
('2019-09-01', 'All', 'Republican', 1014046, 3953, 2438),
('2019-09-01', 'All', 'Unaffiliated', 753375, 6192, 2118),
('2019-10-01', 'All', 'Bread and Roses', 406, 21, 3),
('2019-10-01', 'All', 'Democrat', 2203026, 12289, 14986),
('2019-10-01', 'All', 'Other', 60264, 334, 557),
('2019-10-01', 'All', 'Republican', 1011548, 3989, 6746),
('2019-10-01', 'All', 'Unaffiliated', 754334, 6616, 6188),
('2019-11-01', 'All', 'Bread and Roses', 441, 18, 0),
('2019-11-01', 'All', 'Democrat', 2207976, 9525, 5856),
('2019-11-01', 'All', 'Other', 60296, 259, 197),
('2019-11-01', 'All', 'Republican', 1012308, 3136, 2436),
('2019-11-01', 'All', 'Unaffiliated', 757933, 5203, 1927),
('2019-12-01', 'All', 'Bread and Roses', 473, 24, 5),
('2019-12-01', 'All', 'Democrat', 2204017, 8705, 13798),
('2019-12-01', 'All', 'Other', 60063, 232, 467),
('2019-12-01', 'All', 'Republican', 1009635, 3146, 6076),
('2019-12-01', 'All', 'Unaffiliated', 757953, 4903, 5391),
('2020-01-01', 'All', 'Bread and Roses', 524, 24, 4),
('2020-01-01', 'All', 'Democrat', 2210929, 11141, 8140),
('2020-01-01', 'All', 'Other', 60048, 291, 249),
('2020-01-01', 'All', 'Republican', 1011296, 3949, 3262),
('2020-01-01', 'All', 'Unaffiliated', 761758, 6127, 2662),
('2020-02-01', 'All', 'Bread and Roses', 568, 23, 1),
('2020-02-01', 'All', 'Democrat', 2222555, 10790, 5754),
('2020-02-01', 'All', 'Other', 59833, 289, 159),
('2020-02-01', 'All', 'Republican', 1012400, 3920, 2195),
('2020-02-01', 'All', 'Unaffiliated', 762594, 5686, 1795),
('2020-03-01', 'All', 'Bread and Roses', 610, 17, 5),
('2020-03-01', 'All', 'Democrat', 2235934, 13507, 6869),
('2020-03-01', 'All', 'Other', 59609, 249, 206),
('2020-03-01', 'All', 'Republican', 1013550, 3950, 2418),
('2020-03-01', 'All', 'Unaffiliated', 763234, 6042, 2069),
('2020-04-01', 'All', 'Bread and Roses', 630, 10, 4),
('2020-04-01', 'All', 'Democrat', 2236699, 5614, 5569),
('2020-04-01', 'All', 'Other', 60186, 403, 153),
('2020-04-01', 'All', 'Republican', 1012967, 1668, 2173),
('2020-04-01', 'All', 'Unaffiliated', 763561, 2362, 1471),
('2020-04-01', 'All', 'Working Class', 20, 4, 0),
('2020-05-01', 'All', 'Bread and Roses', 663, 11, 1),
('2020-05-01', 'All', 'Democrat', 2241298, 14050, 12445),
('2020-05-01', 'All', 'Other', 60415, 450, 241),
('2020-05-01', 'All', 'Republican', 1014512, 4783, 4331),
('2020-05-01', 'All', 'Unaffiliated', 762721, 4176, 2418),
('2020-05-01', 'All', 'Working Class', 61, 18, 1),
('2020-06-01', 'All', 'Bread and Roses', 680, 7, 1),
('2020-06-01', 'All', 'Democrat', 2246163, 8134, 6847),
('2020-06-01', 'All', 'Other', 60339, 250, 173),
('2020-06-01', 'All', 'Republican', 1014916, 2688, 2829),
('2020-06-01', 'All', 'Unaffiliated', 761756, 3575, 1895),
('2020-06-01', 'All', 'Working Class', 246, 20, 0),
('2020-07-01', 'All', 'Bread and Roses', 722, 25, 16),
('2020-07-01', 'All', 'Democrat', 2222203, 12506, 39201),
('2020-07-01', 'All', 'Other', 59685, 436, 1143),
('2020-07-01', 'All', 'Republican', 1003284, 5407, 17814),
('2020-07-01', 'All', 'Unaffiliated', 754798, 7283, 13649),
('2020-07-01', 'All', 'Working Class', 417, 63, 6),
('2020-08-01', 'All', 'Bread and Roses', 866, 39, 3),
('2020-08-01', 'All', 'Democrat', 2232620, 21297, 18007),
('2020-08-01', 'All', 'Green', 5177, 35, 68),
('2020-08-01', 'All', 'Libertarian', 12949, 54, 170),
('2020-08-01', 'All', 'Other', 41801, 520, 326),
('2020-08-01', 'All', 'Republican', 1006569, 8272, 5627),
('2020-08-01', 'All', 'Unaffiliated', 757653, 11078, 6378),
('2020-08-01', 'All', 'Working Class', 827, 138, 2),
('2020-09-01', 'All', 'Bread and Roses', 1003, 39, 6),
('2020-09-01', 'All', 'Democrat', 2258099, 32833, 14395),
('2020-09-01', 'All', 'Green', 5613, 156, 48),
('2020-09-01', 'All', 'Libertarian', 14059, 422, 97),
('2020-09-01', 'All', 'Other', 40981, 667, 268),
('2020-09-01', 'All', 'Republican', 1016031, 12767, 4834),
('2020-09-01', 'All', 'Unaffiliated', 769201, 16235, 4638),
('2020-09-01', 'All', 'Working Class', 1469, 215, 2),
('2020-10-01', 'All', 'Bread and Roses', 1051, 31, 6),
('2020-10-01', 'All', 'Democrat', 2284607, 34414, 13752),
('2020-10-01', 'All', 'Green', 5973, 164, 36),
('2020-10-01', 'All', 'Libertarian', 15121, 546, 123),
('2020-10-01', 'All', 'Other', 40688, 619, 258),
('2020-10-01', 'All', 'Republican', 1026114, 12525, 4599),
('2020-10-01', 'All', 'Unaffiliated', 781228, 15980, 4491),
('2020-10-01', 'All', 'Working Class', 1984, 205, 6),
('2020-11-01', 'All', 'Bread and Roses', 1065, 10, 3),
('2020-11-01', 'All', 'Democrat', 2294757, 11908, 4146),
('2020-11-01', 'All', 'Green', 6023, 49, 18),
('2020-11-01', 'All', 'Libertarian', 15347, 163, 48),
('2020-11-01', 'All', 'Other', 40716, 179, 77),
('2020-11-01', 'All', 'Republican', 1033832, 6981, 1789),
('2020-11-01', 'All', 'Unaffiliated', 787006, 6017, 1602),
('2020-11-01', 'All', 'Working Class', 2041, 28, 3),
('2020-12-01', 'All', 'Bread and Roses', 1080, 10, 6),
('2020-12-01', 'All', 'Democrat', 2294370, 9628, 12352),
('2020-12-01', 'All', 'Green', 6049, 38, 38),
('2020-12-01', 'All', 'Libertarian', 15487, 182, 161),
('2020-12-01', 'All', 'Other', 40743, 348, 260),
('2020-12-01', 'All', 'Republican', 1033174, 4423, 6280),
('2020-12-01', 'All', 'Unaffiliated', 788812, 5728, 4939),
('2020-12-01', 'All', 'Working Class', 2102, 40, 13),
('2021-01-01', 'All', 'Bread and Roses', 1085, 6, 6),
('2021-01-01', 'All', 'Democrat', 2284097, 8629, 20233),
('2021-01-01', 'All', 'Green', 6012, 34, 88),
('2021-01-01', 'All', 'Libertarian', 15644, 146, 260),
('2021-01-01', 'All', 'Other', 41096, 316, 423),
('2021-01-01', 'All', 'Republican', 1021513, 3062, 11017),
('2021-01-01', 'All', 'Unaffiliated', 788104, 4807, 9541),
('2021-01-01', 'All', 'Working Class', 2178, 53, 15),
('2021-02-01', 'All', 'Bread and Roses', 1101, 7, 6),
('2021-02-01', 'All', 'Democrat', 2267654, 7694, 25315),
('2021-02-01', 'All', 'Green', 5965, 27, 104),
('2021-02-01', 'All', 'Libertarian', 15586, 106, 292),
('2021-02-01', 'All', 'Other', 41002, 231, 590),
('2021-02-01', 'All', 'Republican', 1010999, 2339, 10401),
('2021-02-01', 'All', 'Unaffiliated', 785497, 4258, 9742),
('2021-02-01', 'All', 'Working Class', 2250, 46, 13),
('2021-03-01', 'All', 'Bread and Roses', 1110, 10, 10),
('2021-03-01', 'All', 'Democrat', 2264972, 11064, 13984),
('2021-03-01', 'All', 'Green', 5974, 50, 56),
('2021-03-01', 'All', 'Libertarian', 15675, 170, 159),
('2021-03-01', 'All', 'Other', 41220, 319, 286),
('2021-03-01', 'All', 'Republican', 1006565, 3125, 6699),
('2021-03-01', 'All', 'Unaffiliated', 787626, 5635, 5709),
('2021-03-01', 'All', 'Working Class', 2304, 36, 18),
('2021-04-01', 'All', 'Bread and Roses', 1114, 12, 11),
('2021-04-01', 'All', 'Democrat', 2265890, 12678, 11931),
('2021-04-01', 'All', 'Green', 5999, 58, 48),
('2021-04-01', 'All', 'Libertarian', 15838, 191, 109),
('2021-04-01', 'All', 'Other', 41352, 303, 239),
('2021-04-01', 'All', 'Republican', 1006151, 4110, 4379),
('2021-04-01', 'All', 'Unaffiliated', 791777, 6575, 4293),
('2021-04-01', 'All', 'Working Class', 2366, 46, 21),
('2021-05-01', 'All', 'Bread and Roses', 1109, 9, 13),
('2021-05-01', 'All', 'Democrat', 2261375, 10113, 15117),
('2021-05-01', 'All', 'Green', 6013, 38, 51),
('2021-05-01', 'All', 'Libertarian', 15885, 154, 184),
('2021-05-01', 'All', 'Other', 41501, 264, 299),
('2021-05-01', 'All', 'Republican', 1002325, 3233, 6712),
('2021-05-01', 'All', 'Unaffiliated', 793429, 5645, 5975),
('2021-05-01', 'All', 'Working Class', 2401, 37, 20),
('2021-06-01', 'All', 'Bread and Roses', 1114, 8, 6),
('2021-06-01', 'All', 'Democrat', 2264741, 10503, 7467),
('2021-06-01', 'All', 'Green', 6062, 39, 23),
('2021-06-01', 'All', 'Libertarian', 16073, 143, 72),
('2021-06-01', 'All', 'Other', 41694, 261, 164),
('2021-06-01', 'All', 'Republican', 1003239, 3553, 2827),
('2021-06-01', 'All', 'Unaffiliated', 799056, 6136, 2582),
('2021-06-01', 'All', 'Working Class', 2453, 32, 10),
('2021-07-01', 'All', 'Bread and Roses', 1110, 11, 17),
('2021-07-01', 'All', 'Democrat', 2257741, 15810, 22790),
('2021-07-01', 'All', 'Green', 6049, 61, 82),
('2021-07-01', 'All', 'Libertarian', 16103, 205, 260),
('2021-07-01', 'All', 'Other', 41658, 333, 472),
('2021-07-01', 'All', 'Republican', 997998, 4948, 10169),
('2021-07-01', 'All', 'Unaffiliated', 799424, 8164, 9623),
('2021-07-01', 'All', 'Working Class', 2502, 39, 24),
('2021-08-01', 'All', 'Bread and Roses', 1121, 14, 10),
('2021-08-01', 'All', 'Democrat', 2261355, 12832, 9413),
('2021-08-01', 'All', 'Green', 6063, 43, 44),
('2021-08-01', 'All', 'Libertarian', 16261, 188, 97),
('2021-08-01', 'All', 'Other', 41796, 257, 199),
('2021-08-01', 'All', 'Republican', 998749, 4196, 3587),
('2021-08-01', 'All', 'Unaffiliated', 805102, 7303, 3620),
('2021-08-01', 'All', 'Working Class', 2570, 45, 14),
('2021-09-01', 'All', 'Bread and Roses', 1121, 13, 15),
('2021-09-01', 'All', 'Democrat', 2251177, 14325, 24474),
('2021-09-01', 'All', 'Green', 6045, 63, 97),
('2021-09-01', 'All', 'Libertarian', 16267, 207, 276),
('2021-09-01', 'All', 'Other', 41643, 282, 498),
('2021-09-01', 'All', 'Republican', 993223, 4690, 10711),
('2021-09-01', 'All', 'Unaffiliated', 804079, 7533, 10405),
('2021-09-01', 'All', 'Working Class', 2626, 52, 33),
('2021-10-01', 'All', 'Bread and Roses', 1127, 10, 7),
('2021-10-01', 'All', 'Democrat', 2252905, 11447, 9743),
('2021-10-01', 'All', 'Green', 6054, 48, 41),
('2021-10-01', 'All', 'Libertarian', 16393, 156, 84),
('2021-10-01', 'All', 'Other', 41748, 244, 185),
('2021-10-01', 'All', 'Republican', 993862, 3992, 3743),
('2021-10-01', 'All', 'Unaffiliated', 808350, 5961, 3446),
('2021-10-01', 'All', 'Working Class', 2693, 58, 21),
('2021-11-01', 'All', 'Bread and Roses', 1144, 12, 7),
('2021-11-01', 'All', 'Democrat', 2245299, 8011, 15354),
('2021-11-01', 'All', 'Green', 6040, 42, 61),
('2021-11-01', 'All', 'Libertarian', 16398, 126, 164),
('2021-11-01', 'All', 'Other', 41679, 195, 334),
('2021-11-01', 'All', 'Republican', 990355, 3028, 7364),
('2021-11-01', 'All', 'Unaffiliated', 808838, 5132, 6531),
('2021-11-01', 'All', 'Working Class', 2739, 48, 31),
('2021-12-01', 'All', 'Bread and Roses', 1151, 11, 5),
('2021-12-01', 'All', 'Democrat', 2248538, 7182, 4077),
('2021-12-01', 'All', 'Green', 6075, 41, 23),
('2021-12-01', 'All', 'Libertarian', 16505, 123, 51),
('2021-12-01', 'All', 'Other', 41871, 238, 115),
('2021-12-01', 'All', 'Republican', 992062, 2652, 1557),
('2021-12-01', 'All', 'Unaffiliated', 813325, 4791, 1644),
('2021-12-01', 'All', 'Working Class', 2284, 56, 11),
('2022-01-01', 'All', 'Democrat', 2253915, 10125, 4706),
('2022-01-01', 'All', 'Green', 6127, 49, 21),
('2022-01-01', 'All', 'Libertarian', 16659, 152, 45),
('2022-01-01', 'All', 'Other', 43212, 322, 106),
('2022-01-01', 'All', 'Republican', 993849, 3531, 2391),
('2022-01-01', 'All', 'Unaffiliated', 819757, 6768, 1857),
('2022-01-01', 'All', 'Working Class', 2996, 97, 11),
('2022-01-01', 'Kent', 'Democrat', 5870, 0, 0),
('2022-01-01', 'Kent', 'Green', 19, 0, 0),
('2022-01-01', 'Kent', 'Libertarian', 57, 0, 0),
('2022-01-01', 'Kent', 'Other', 116, 0, 0),
('2022-01-01', 'Kent', 'Republican', 5110, 0, 0),
('2022-01-01', 'Kent', 'Unaffiliated', 2539, 0, 0),
('2022-01-01', 'Kent', 'Working Class', 13, 0, 0),
('2022-02-01', 'All', 'Democrat', 2249296, 11121, 13632),
('2022-02-01', 'All', 'Green', 6239, 58, 38),
('2022-02-01', 'All', 'Libertarian', 16806, 163, 116),
('2022-02-01', 'All', 'Other', 43299, 352, 296),
('2022-02-01', 'All', 'Republican', 991944, 3958, 6557),
('2022-02-01', 'All', 'Unaffiliated', 824969, 6831, 4690),
('2022-02-01', 'All', 'Working Class', 3227, 87, 18),
('2022-02-01', 'Kent', 'Democrat', 5847, 0, 0),
('2022-02-01', 'Kent', 'Green', 19, 0, 0),
('2022-02-01', 'Kent', 'Libertarian', 57, 0, 0),
('2022-02-01', 'Kent', 'Other', 117, 0, 0),
('2022-02-01', 'Kent', 'Republican', 5130, 0, 0),
('2022-02-01', 'Kent', 'Unaffiliated', 2557, 0, 0),
('2022-02-01', 'Kent', 'Working Class', 16, 0, 0),
('2022-03-01', 'All', 'Democrat', 2229341, 16346, 33589),
('2022-03-01', 'All', 'Green', 6283, 70, 89),
('2022-03-01', 'All', 'Libertarian', 16855, 223, 292),
('2022-03-01', 'All', 'Other', 43277, 451, 586),
('2022-03-01', 'All', 'Republican', 983908, 5222, 13590),
('2022-03-01', 'All', 'Unaffiliated', 826608, 8698, 11287),
('2022-03-01', 'All', 'Working Class', 3477, 87, 68),
('2022-03-01', 'Kent', 'Democrat', 5797, 0, 0),
('2022-03-01', 'Kent', 'Green', 19, 0, 0),
('2022-03-01', 'Kent', 'Libertarian', 59, 0, 0),
('2022-03-01', 'Kent', 'Other', 117, 0, 0),
('2022-03-01', 'Kent', 'Republican', 5114, 0, 0),
('2022-03-01', 'Kent', 'Unaffiliated', 2571, 0, 0),
('2022-03-01', 'Kent', 'Working Class', 18, 0, 0),
('2022-04-01', 'All', 'Democrat', 2228432, 9751, 10646),
('2022-04-01', 'All', 'Green', 6350, 62, 27),
('2022-04-01', 'All', 'Libertarian', 16954, 129, 85),
('2022-04-01', 'All', 'Other', 43492, 370, 192),
('2022-04-01', 'All', 'Republican', 984131, 3151, 4013),
('2022-04-01', 'All', 'Unaffiliated', 831254, 5954, 3319),
('2022-04-01', 'All', 'Working Class', 3595, 68, 16),
('2022-04-01', 'Kent', 'Democrat', 5807, 0, 0),
('2022-04-01', 'Kent', 'Green', 18, 0, 0),
('2022-04-01', 'Kent', 'Libertarian', 60, 0, 0),
('2022-04-01', 'Kent', 'Other', 117, 0, 0),
('2022-04-01', 'Kent', 'Republican', 5127, 0, 0),
('2022-04-01', 'Kent', 'Unaffiliated', 2692, 0, 0),
('2022-04-01', 'Kent', 'Working Class', 19, 0, 0),
('2022-05-01', 'All', 'Democrat', 2232173, 11694, 7841),
('2022-05-01', 'All', 'Green', 6409, 58, 23),
('2022-05-01', 'All', 'Libertarian', 17104, 180, 70),
('2022-05-01', 'All', 'Other', 43735, 375, 160),
('2022-05-01', 'All', 'Republican', 986722, 4063, 2918),
('2022-05-01', 'All', 'Unaffiliated', 836418, 6979, 2492),
('2022-05-01', 'All', 'Working Class', 3757, 89, 13),
('2022-05-01', 'Kent', 'Democrat', 5817, 0, 0),
('2022-05-01', 'Kent', 'Green', 18, 0, 0),
('2022-05-01', 'Kent', 'Libertarian', 61, 0, 0),
('2022-05-01', 'Kent', 'Other', 117, 0, 0),
('2022-05-01', 'Kent', 'Republican', 5151, 0, 0),
('2022-05-01', 'Kent', 'Unaffiliated', 2603, 0, 0),
('2022-05-01', 'Kent', 'Working Class', 19, 0, 0),
('2022-06-01', 'All', 'Democrat', 2241318, 15008, 9597),
('2022-06-01', 'All', 'Green', 6443, 87, 40),
('2022-06-01', 'All', 'Libertarian', 17308, 220, 89),
('2022-06-01', 'All', 'Other', 42865, 406, 211),
('2022-06-01', 'All', 'Republican', 993619, 5288, 3669),
('2022-06-01', 'All', 'Unaffiliated', 836469, 8610, 3571),
('2022-06-01', 'All', 'Working Class', 3978, 99, 22),
('2022-06-01', 'Kent', 'Democrat', 5835, 0, 0),
('2022-06-01', 'Kent', 'Green', 17, 0, 0),
('2022-06-01', 'Kent', 'Libertarian', 66, 0, 0),
('2022-06-01', 'Kent', 'Other', 113, 0, 0),
('2022-06-01', 'Kent', 'Republican', 5225, 0, 0),
('2022-06-01', 'Kent', 'Unaffiliated', 2567, 0, 0),
('2022-06-01', 'Kent', 'Working Class', 20, 0, 0),
('2022-07-01', 'All', 'Democrat', 2242059, 3476, 3699),
('2022-07-01', 'All', 'Green', 6448, 7, 5),
('2022-07-01', 'All', 'Libertarian', 17299, 18, 21),
('2022-07-01', 'All', 'Other', 42741, 46, 85),
('2022-07-01', 'All', 'Republican', 993546, 1015, 1415),
('2022-07-01', 'All', 'Unaffiliated', 835652, 710, 885),
('2022-07-01', 'All', 'Working Class', 3987, 9, 7),
('2022-07-01', 'Kent', 'Democrat', 5843, 0, 0),
('2022-07-01', 'Kent', 'Green', 17, 0, 0),
('2022-07-01', 'Kent', 'Libertarian', 66, 0, 0),
('2022-07-01', 'Kent', 'Other', 113, 0, 0),
('2022-07-01', 'Kent', 'Republican', 5226, 0, 0),
('2022-07-01', 'Kent', 'Unaffiliated', 2562, 0, 0),
('2022-07-01', 'Kent', 'Working Class', 20, 0, 0),
('2022-08-01', 'All', 'Democrat', 2240975, 18198, 23738),
('2022-08-01', 'All', 'Green', 6460, 96, 82),
('2022-08-01', 'All', 'Libertarian', 17364, 290, 286),
('2022-08-01', 'All', 'Other', 42361, 597, 489),
('2022-08-01', 'All', 'Republican', 995286, 6886, 9852),
('2022-08-01', 'All', 'Unaffiliated', 834325, 12452, 9350),
('2022-08-01', 'All', 'Working Class', 4123, 136, 48),
('2022-08-01', 'Kent', 'Democrat', 5842, 0, 0),
('2022-08-01', 'Kent', 'Green', 18, 0, 0),
('2022-08-01', 'Kent', 'Libertarian', 66, 0, 0),
('2022-08-01', 'Kent', 'Other', 110, 0, 0),
('2022-08-01', 'Kent', 'Republican', 5235, 0, 0),
('2022-08-01', 'Kent', 'Unaffiliated', 2570, 0, 0),
('2022-08-01', 'Kent', 'Working Class', 22, 0, 0),
('2022-09-01', 'All', 'Democrat', 2250961, 19428, 11533),
('2022-09-01', 'All', 'Green', 6265, 98, 37),
('2022-09-01', 'All', 'Libertarian', 17591, 278, 107),
('2022-09-01', 'All', 'Other', 41709, 515, 222),
('2022-09-01', 'All', 'Republican', 998905, 5661, 3772),
('2022-09-01', 'All', 'Unaffiliated', 841573, 11513, 4261),
('2022-09-01', 'All', 'Working Class', 4333, 130, 28),
('2022-09-01', 'Kent', 'Democrat', 5868, 0, 0),
('2022-09-01', 'Kent', 'Green', 20, 0, 0),
('2022-09-01', 'Kent', 'Libertarian', 68, 0, 0),
('2022-09-01', 'Kent', 'Other', 111, 0, 0),
('2022-09-01', 'Kent', 'Republican', 5254, 0, 0),
('2022-09-01', 'Kent', 'Unaffiliated', 2594, 0, 0),
('2022-09-01', 'Kent', 'Working Class', 22, 0, 0),
('2022-10-01', 'All', 'Democrat', 2256421, 11516, 7691),
('2022-10-01', 'All', 'Green', 6642, 59, 26),
('2022-10-01', 'All', 'Libertarian', 17712, 154, 76),
('2022-10-01', 'All', 'Other', 41603, 325, 156),
('2022-10-01', 'All', 'Republican', 1000822, 3349, 2480),
('2022-10-01', 'All', 'Unaffiliated', 846004, 6387, 2482),
('2022-10-01', 'All', 'Working Class', 4457, 75, 21),
('2022-10-01', 'Kent', 'Democrat', 5897, 0, 0),
('2022-10-01', 'Kent', 'Green', 20, 0, 0),
('2022-10-01', 'Kent', 'Libertarian', 68, 0, 0),
('2022-10-01', 'Kent', 'Other', 111, 0, 0),
('2022-10-01', 'Kent', 'Republican', 5266, 0, 0),
('2022-10-01', 'Kent', 'Unaffiliated', 2605, 0, 0),
('2022-10-01', 'Kent', 'Working Class', 22, 0, 0),
('2022-11-01', 'All', 'Democrat', 2262876, 10347, 5369),
('2022-11-01', 'All', 'Green', 6674, 38, 20),
('2022-11-01', 'All', 'Libertarian', 17804, 95, 40),
('2022-11-01', 'All', 'Other', 41614, 166, 92),
('2022-11-01', 'All', 'Republican', 1003440, 3484, 2031),
('2022-11-01', 'All', 'Unaffiliated', 848930, 4147, 1602),
('2022-11-01', 'All', 'Working Class', 4489, 31, 12),
('2022-11-01', 'Kent', 'Democrat', 5913, 0, 0),
('2022-11-01', 'Kent', 'Green', 20, 0, 0),
('2022-11-01', 'Kent', 'Libertarian', 68, 0, 0),
('2022-11-01', 'Kent', 'Other', 113, 0, 0),
('2022-11-01', 'Kent', 'Republican', 5274, 0, 0),
('2022-11-01', 'Kent', 'Unaffiliated', 2619, 0, 0),
('2022-11-01', 'Kent', 'Working Class', 22, 0, 0),
('2022-12-01', 'All', 'Democrat', 2243765, 11862, 31635),
('2022-12-01', 'All', 'Green', 6614, 66, 146),
('2022-12-01', 'All', 'Libertarian', 17623, 202, 505),
('2022-12-01', 'All', 'Other', 40959, 378, 806),
('2022-12-01', 'All', 'Republican', 994711, 5437, 15383),
('2022-12-01', 'All', 'Unaffiliated', 840401, 8459, 18467),
('2022-12-01', 'All', 'Working Class', 4578, 107, 99),
('2022-12-01', 'Kent', 'Democrat', 5852, 0, 0),
('2022-12-01', 'Kent', 'Green', 21, 0, 0),
('2022-12-01', 'Kent', 'Libertarian', 67, 0, 0),
('2022-12-01', 'Kent', 'Other', 114, 0, 0),
('2022-12-01', 'Kent', 'Republican', 5230, 0, 0),
('2022-12-01', 'Kent', 'Unaffiliated', 2616, 0, 0),
('2022-12-01', 'Kent', 'Working Class', 23, 0, 0),
('2023-01-01', 'All', 'Democrat', 2242166, 13064, 15358),
('2023-01-01', 'All', 'Green', 6649, 70, 49),
('2023-01-01', 'All', 'Libertarian', 17736, 171, 176),
('2023-01-01', 'All', 'Other', 41200, 459, 318),
('2023-01-01', 'All', 'Republican', 993842, 4344, 6209),
('2023-01-01', 'All', 'Unaffiliated', 845262, 8744, 6443),
('2023-01-01', 'All', 'Working Class', 4701, 92, 41),
('2023-01-01', 'Kent', 'Democrat', 5852, 0, 0),
('2023-01-01', 'Kent', 'Green', 22, 0, 0),
('2023-01-01', 'Kent', 'Libertarian', 66, 0, 0),
('2023-01-01', 'Kent', 'Other', 114, 0, 0),
('2023-01-01', 'Kent', 'Republican', 5234, 0, 0),
('2023-01-01', 'Kent', 'Unaffiliated', 2636, 0, 0),
('2023-01-01', 'Kent', 'Working Class', 22, 0, 0),
('2023-02-01', 'All', 'Democrat', 2235917, 10376, 16846),
('2023-02-01', 'All', 'Libertarian', 17712, 140, 201),
('2023-02-01', 'All', 'Other', 52713, 486, 488),
('2023-02-01', 'All', 'Republican', 991122, 3037, 6424),
('2023-02-01', 'All', 'Unaffiliated', 846926, 6870, 6940),
('2023-02-01', 'Kent', 'Democrat', 5847, 0, 0),
('2023-02-01', 'Kent', 'Libertarian', 66, 0, 0),
('2023-02-01', 'Kent', 'Other', 158, 0, 0),
('2023-02-01', 'Kent', 'Republican', 5222, 0, 0),
('2023-02-01', 'Kent', 'Unaffiliated', 2635, 0, 0),
('2023-03-01', 'All', 'Democrat', 2231106, 11241, 16162),
('2023-03-01', 'All', 'Libertarian', 17740, 182, 226),
('2023-03-01', 'All', 'Other', 52859, 530, 458),
('2023-03-01', 'All', 'Republican', 989086, 3594, 6285),
('2023-03-01', 'All', 'Unaffiliated', 849352, 7269, 6424),
('2023-03-01', 'Kent', 'Democrat', 5827, 0, 0),
('2023-03-01', 'Kent', 'Libertarian', 67, 0, 0),
('2023-03-01', 'Kent', 'Other', 154, 0, 0),
('2023-03-01', 'Kent', 'Republican', 5222, 0, 0),
('2023-03-01', 'Kent', 'Unaffiliated', 2639, 0, 0),
('2023-04-01', 'All', 'Democrat', 2232530, 8143, 6983),
('2023-04-01', 'All', 'Libertarian', 17852, 127, 46),
('2023-04-01', 'All', 'Other', 52984, 312, 210),
('2023-04-01', 'All', 'Republican', 989775, 2771, 2696),
('2023-04-01', 'All', 'Unaffiliated', 854800, 6385, 2325),
('2023-04-01', 'Kent', 'Democrat', 5834, 0, 0),
('2023-04-01', 'Kent', 'Libertarian', 67, 0, 0),
('2023-04-01', 'Kent', 'Other', 154, 0, 0),
('2023-04-01', 'Kent', 'Republican', 5231, 0, 0),
('2023-04-01', 'Kent', 'Unaffiliated', 2659, 0, 0),
('2023-05-01', 'All', 'Democrat', 2234247, 8390, 6525),
('2023-05-01', 'All', 'Libertarian', 17991, 155, 56),
('2023-05-01', 'All', 'Other', 53107, 299, 186),
('2023-05-01', 'All', 'Republican', 990738, 2852, 2448),
('2023-05-01', 'All', 'Unaffiliated', 860307, 6537, 2329),
('2023-05-01', 'Kent', 'Democrat', 5836, 0, 0),
('2023-05-01', 'Kent', 'Libertarian', 66, 0, 0),
('2023-05-01', 'Kent', 'Other', 154, 0, 0),
('2023-05-01', 'Kent', 'Republican', 5228, 0, 0),
('2023-05-01', 'Kent', 'Unaffiliated', 2678, 0, 0),
('2023-06-01', 'All', 'Democrat', 2230652, 11332, 14628),
('2023-06-01', 'All', 'Libertarian', 18014, 172, 172),
('2023-06-01', 'All', 'Other', 53081, 396, 422),
('2023-06-01', 'All', 'Republican', 989341, 3789, 5813),
('2023-06-01', 'All', 'Unaffiliated', 863163, 7645, 5974),
('2023-06-01', 'Kent', 'Democrat', 5817, 0, 0),
('2023-06-01', 'Kent', 'Libertarian', 66, 0, 0),
('2023-06-01', 'Kent', 'Other', 151, 0, 0),
('2023-06-01', 'Kent', 'Republican', 5228, 0, 0),
('2023-06-01', 'Kent', 'Unaffiliated', 2675, 0, 0),
('2023-07-01', 'All', 'Democrat', 2234253, 12086, 8655),
('2023-07-01', 'All', 'Libertarian', 18174, 182, 70),
('2023-07-01', 'All', 'Other', 53318, 405, 227),
('2023-07-01', 'All', 'Republican', 990961, 3932, 3158),
('2023-07-01', 'All', 'Unaffiliated', 869557, 8253, 3156),
('2023-07-01', 'Kent', 'Democrat', 5823, 0, 0),
('2023-07-01', 'Kent', 'Libertarian', 68, 0, 0),
('2023-07-01', 'Kent', 'Other', 153, 0, 0),
('2023-07-01', 'Kent', 'Republican', 5240, 0, 0),
('2023-07-01', 'Kent', 'Unaffiliated', 2691, 0, 0),
('2023-08-01', 'All', 'Democrat', 2231610, 12329, 15252),
('2023-08-01', 'All', 'Libertarian', 18200, 200, 190),
('2023-08-01', 'All', 'Other', 53363, 439, 420),
('2023-08-01', 'All', 'Republican', 989579, 4067, 6501),
('2023-08-01', 'All', 'Unaffiliated', 873437, 9179, 6798),
('2023-08-01', 'Kent', 'Democrat', 5813, 0, 0),
('2023-08-01', 'Kent', 'Libertarian', 66, 0, 0),
('2023-08-01', 'Kent', 'Other', 155, 0, 0),
('2023-08-01', 'Kent', 'Republican', 5228, 0, 0),
('2023-08-01', 'Kent', 'Unaffiliated', 2698, 0, 0),
('2023-09-01', 'All', 'Democrat', 2225208, 9724, 15950),
('2023-09-01', 'All', 'Libertarian', 18241, 150, 164),
('2023-09-01', 'All', 'Other', 53368, 341, 404),
('2023-09-01', 'All', 'Republican', 987532, 3208, 6211),
('2023-09-01', 'All', 'Unaffiliated', 874653, 6871, 6895),
('2023-09-01', 'Kent', 'Democrat', 5806, 0, 0),
('2023-09-01', 'Kent', 'Libertarian', 69, 0, 0),
('2023-09-01', 'Kent', 'Other', 152, 0, 0),
('2023-09-01', 'Kent', 'Republican', 5215, 0, 0),
('2023-09-01', 'Kent', 'Unaffiliated', 2705, 0, 0);

--
-- Dumping data for table `county_turnout`
--

INSERT INTO `county_turnout` (`county_id`, `evcount`, `edcount`, `mibcount`, `pcount`) VALUES
(1, 2305, 15288, 3889, 535),
(2, 38793, 113571, 60037, 5914),
(3, 22341, 69366, 46946, 8597),
(4, 55691, 135214, 79494, 7282),
(5, 8828, 19483, 9003, 677),
(6, 2045, 7285, 1423, 128),
(7, 14186, 42989, 14571, 1135),
(8, 6237, 20747, 5764, 637),
(9, 11872, 29898, 11875, 1441),
(10, 2045, 7226, 2232, 164),
(11, 15940, 64066, 25142, 2588),
(12, 2387, 7213, 1722, 158),
(13, 22478, 61202, 18947, 1786),
(14, 26463, 68097, 34121, 3057),
(15, 1927, 4703, 1804, 170),
(16, 55717, 158641, 118530, 13879),
(17, 52018, 111256, 68990, 10735),
(18, 6266, 12613, 3795, 437),
(19, 9049, 20875, 7339, 796),
(20, 1396, 4308, 1110, 145),
(21, 5243, 8159, 4229, 241),
(22, 7362, 31156, 10052, 915),
(23, 6123, 18096, 6063, 709),
(24, 4162, 14701, 4912, 492);

--
-- Dumping data for table `el45a`
--

INSERT INTO `el45a` (`county_id`, `evcount`, `edcount`, `mib1count`, `provcount`, `mib2count`) VALUES
(1, 2315, 15320, 3614, 718, 61),
(2, 38931, 113815, 11398, 5844, 48356),
(3, 22405, 69589, 33249, 7880, 13532),
(4, 55877, 135468, 25979, 8221, 52243),
(5, 8845, 19535, 5662, 771, 3222),
(6, 2051, 7300, 1202, 167, 175),
(7, 14211, 43065, 10558, 4745, 346),
(8, 6253, 20795, 1074, 630, 4696),
(9, 11910, 29965, 8571, 1418, 3273),
(10, 2054, 7240, 1764, 369, 249),
(11, 16012, 64205, 10024, 3889, 13658),
(12, 2390, 7220, 1550, 256, 64),
(13, 22509, 61330, 9997, 4280, 6330),
(14, 26563, 68563, 27696, 8206, 1094),
(15, 1930, 4705, 1739, 235, 0),
(16, 55948, 159390, 41604, 13595, 76226),
(17, 52135, 111829, 23677, 10498, 44926),
(18, 6283, 12647, 3557, 492, 170),
(19, 9076, 20932, 5247, 985, 1874),
(20, 1397, 4318, 827, 256, 160),
(21, 5260, 8179, 2797, 322, 1338),
(22, 7383, 31204, 5999, 862, 4029),
(23, 6138, 18139, 4149, 1699, 904),
(24, 4172, 14726, 4063, 537, 733);

--
-- Dumping data for table `election`
--

INSERT INTO `election` (`name`, `date`) VALUES
('2016 General Election', '2016-11-08'),
('2016 Primary Election', '2016-04-26'),
('2018 General Election', '2018-11-06'),
('2018 Primary Election', '2018-06-26'),
('2020 General Election', '2020-11-03'),
('2020 Primary Election', '2020-07-02'),
('2022 General Election', '2022-11-08'),
('2022 Primary Election', '2022-07-19');

--
-- Dumping data for table `race`
--

INSERT INTO `race` (`id`, `name`) VALUES
(2, 'Attorney General'),
(15, 'Board of Education'),
(151, 'Board of Education (1)'),
(152, 'Board of Education (2)'),
(153, 'Board of Education (3)'),
(154, 'Board of Education (4)'),
(174, 'Board of Education (5)'),
(175, 'Board of Education (6)'),
(79, 'Board of Education at Large'),
(226, 'City Council of Cumberland'),
(11, 'Clerk of Circuit Court'),
(3, 'Comptroller'),
(28, 'Council of City of Cumberland'),
(8, 'County Commissioner'),
(129, 'County Commissioner (1)'),
(130, 'County Commissioner (2)'),
(131, 'County Commissioner (3)'),
(142, 'County Commissioner (4)'),
(143, 'County Commissioner (5)'),
(222, 'County Commissioner (6)'),
(223, 'County Commissioner (7)'),
(128, 'County Commissioner at Large'),
(150, 'County Commissioner President'),
(218, 'County Council'),
(47, 'County Council (1)'),
(48, 'County Council (2)'),
(49, 'County Council (3)'),
(50, 'County Council (4)'),
(51, 'County Council (5)'),
(52, 'County Council (6)'),
(53, 'County Council (7)'),
(212, 'County Council (8)'),
(213, 'County Council (9)'),
(100, 'County Council at Large'),
(46, 'County Executive'),
(1, 'Governor'),
(115, 'House of Delegates, District 10'),
(116, 'House of Delegates, District 11A'),
(117, 'House of Delegates, District 11B'),
(176, 'House of Delegates, District 12A'),
(37, 'House of Delegates, District 12B'),
(177, 'House of Delegates, District 13'),
(92, 'House of Delegates, District 14'),
(93, 'House of Delegates, District 15'),
(94, 'House of Delegates, District 16'),
(95, 'House of Delegates, District 17'),
(96, 'House of Delegates, District 18'),
(97, 'House of Delegates, District 19'),
(23, 'House of Delegates, District 1A'),
(24, 'House of Delegates, District 1B'),
(25, 'House of Delegates, District 1C'),
(98, 'House of Delegates, District 20'),
(38, 'House of Delegates, District 21'),
(194, 'House of Delegates, District 22'),
(195, 'House of Delegates, District 23'),
(196, 'House of Delegates, District 24'),
(197, 'House of Delegates, District 25'),
(198, 'House of Delegates, District 26'),
(148, 'House of Delegates, District 27A'),
(125, 'House of Delegates, District 27B'),
(126, 'House of Delegates, District 27C'),
(149, 'House of Delegates, District 28'),
(214, 'House of Delegates, District 29A'),
(215, 'House of Delegates, District 29B'),
(127, 'House of Delegates, District 29C'),
(165, 'House of Delegates, District 2A'),
(219, 'House of Delegates, District 2B'),
(166, 'House of Delegates, District 3'),
(39, 'House of Delegates, District 30A'),
(40, 'House of Delegates, District 30B'),
(41, 'House of Delegates, District 31'),
(42, 'House of Delegates, District 32'),
(43, 'House of Delegates, District 33A'),
(44, 'House of Delegates, District 33B'),
(45, 'House of Delegates, District 33C'),
(171, 'House of Delegates, District 34A'),
(172, 'House of Delegates, District 34B'),
(145, 'House of Delegates, District 35A'),
(146, 'House of Delegates, District 35B'),
(7, 'House of Delegates, District 36'),
(136, 'House of Delegates, District 36 (1)'),
(137, 'House of Delegates, District 36 (2)'),
(138, 'House of Delegates, District 36 (3)'),
(155, 'House of Delegates, District 37A'),
(134, 'House of Delegates, District 37B'),
(217, 'House of Delegates, District 38A'),
(220, 'House of Delegates, District 38B'),
(221, 'House of Delegates, District 38C'),
(99, 'House of Delegates, District 39'),
(167, 'House of Delegates, District 4'),
(74, 'House of Delegates, District 40'),
(75, 'House of Delegates, District 41'),
(118, 'House of Delegates, District 42A'),
(119, 'House of Delegates, District 42B'),
(141, 'House of Delegates, District 42C'),
(76, 'House of Delegates, District 43A'),
(120, 'House of Delegates, District 43B'),
(121, 'House of Delegates, District 44A'),
(122, 'House of Delegates, District 44B'),
(77, 'House of Delegates, District 45'),
(78, 'House of Delegates, District 46'),
(199, 'House of Delegates, District 47A'),
(200, 'House of Delegates, District 47B'),
(140, 'House of Delegates, District 5'),
(112, 'House of Delegates, District 6'),
(113, 'House of Delegates, District 7A'),
(170, 'House of Delegates, District 7B'),
(114, 'House of Delegates, District 8'),
(91, 'House of Delegates, District 9A'),
(178, 'House of Delegates, District 9B'),
(26, 'Judge of Circuit Court'),
(101, 'Judge of Court of Appeals'),
(132, 'Judge of Court of Special Appeals'),
(54, 'Judge of Court of Special Appeals Appellate Circuit'),
(225, 'Judge of Court of Special Appeals at Large'),
(9, 'Judge of Court of Special Appeals at Large (1)'),
(63, 'Judge of Court of Special Appeals at Large (2)'),
(13, 'Judge of Orphan\'s Court'),
(156, 'Judge of Orphan\'s Court (1)'),
(157, 'Judge of Orphan\'s Court (2)'),
(27, 'Mayor of City of Cumberland'),
(224, 'President'),
(173, 'President of the County Council'),
(16, 'Question 1'),
(17, 'Question 2'),
(18, 'Question 3'),
(19, 'Question 4'),
(20, 'Question 5'),
(55, 'Question A'),
(56, 'Question B'),
(57, 'Question C'),
(58, 'Question D'),
(59, 'Question E'),
(60, 'Question F'),
(61, 'Question G'),
(62, 'Question H'),
(64, 'Question I'),
(65, 'Question J'),
(66, 'Question K'),
(12, 'Register of Wills'),
(5, 'Representative in Congress, District 1'),
(67, 'Representative in Congress, District 2'),
(29, 'Representative in Congress, District 3'),
(80, 'Representative in Congress, District 4'),
(30, 'Representative in Congress, District 5'),
(21, 'Representative in Congress, District 6'),
(68, 'Representative in Congress, District 7'),
(81, 'Representative in Congress, District 8'),
(14, 'Sheriff'),
(22, 'State Senator, District 1'),
(105, 'State Senator, District 10'),
(106, 'State Senator, District 11'),
(31, 'State Senator, District 12'),
(179, 'State Senator, District 13'),
(83, 'State Senator, District 14'),
(84, 'State Senator, District 15'),
(85, 'State Senator, District 16'),
(86, 'State Senator, District 17'),
(87, 'State Senator, District 18'),
(88, 'State Senator, District 19'),
(160, 'State Senator, District 2'),
(89, 'State Senator, District 20'),
(32, 'State Senator, District 21'),
(187, 'State Senator, District 22'),
(188, 'State Senator, District 23'),
(189, 'State Senator, District 24'),
(190, 'State Senator, District 25'),
(191, 'State Senator, District 26'),
(123, 'State Senator, District 27'),
(147, 'State Senator, District 28'),
(124, 'State Senator, District 29'),
(158, 'State Senator, District 3'),
(33, 'State Senator, District 30'),
(34, 'State Senator, District 31'),
(35, 'State Senator, District 32'),
(36, 'State Senator, District 33'),
(169, 'State Senator, District 34'),
(144, 'State Senator, District 35'),
(6, 'State Senator, District 36'),
(135, 'State Senator, District 37'),
(216, 'State Senator, District 38'),
(90, 'State Senator, District 39'),
(159, 'State Senator, District 4'),
(69, 'State Senator, District 40'),
(70, 'State Senator, District 41'),
(107, 'State Senator, District 42'),
(71, 'State Senator, District 43'),
(111, 'State Senator, District 44'),
(72, 'State Senator, District 45'),
(73, 'State Senator, District 46'),
(192, 'State Senator, District 47'),
(139, 'State Senator, District 5'),
(102, 'State Senator, District 6'),
(103, 'State Senator, District 7'),
(104, 'State Senator, District 8'),
(82, 'State Senator, District 9'),
(10, 'State\'s Attorney'),
(133, 'Treasurer'),
(4, 'U.S. Senator');
COMMIT;

/*!40101 SET CHARACTER_SET_CLIENT=@OLD_CHARACTER_SET_CLIENT */;
/*!40101 SET CHARACTER_SET_RESULTS=@OLD_CHARACTER_SET_RESULTS */;
/*!40101 SET COLLATION_CONNECTION=@OLD_COLLATION_CONNECTION */;
